,LSTAT,INDUS,NOX,PTRATIO,RM,TAX,DIS,AGE,MEDV
0,0.11550805247290835,0.08154162899817867,0.39485961734121344,0.3642743855969573,0.577505269208661,0.27263868789089096,0.3433635229016087,0.7151084285712795,3.2188758248682006
1,0.2617644571415898,0.30386191017205494,0.23000560544632298,0.63523570720238,0.5479977007089484,0.14399653645178628,0.4313807599038951,0.8340625239474464,3.1179499062782403
2,0.0799211439358359,0.30386191017205494,0.23000560544632298,0.63523570720238,0.6943858976815486,0.14399653645178628,0.4313807599038951,0.677514628968109,3.5751506887855933
3,0.03797826210878575,0.07496205768122204,0.20189196923740924,0.7215355535966,0.6585552787890404,0.09328147130573979,0.5342342136350906,0.5278836264131366,3.5380565643793527
4,0.12840085535380266,0.07496205768122204,0.20189196923740924,0.7215355535966,0.6871048093504507,0.09328147130573979,0.5342342136350906,0.611947891201611,3.616308761279101
5,0.12399343326742145,0.07496205768122204,0.20189196923740924,0.7215355535966,0.5497221689978925,0.09328147130573979,0.5342342136350906,0.6550452059416124,3.391147045808654
6,0.36777186994083894,0.33808100716067213,0.36289987594366846,0.352301743930881,0.46963019735581557,0.30642700134717443,0.48802194855084846,0.7277242057597363,3.173878458937465
7,0.5627450023514469,0.33808100716067213,0.36289987594366846,0.352301743930881,0.5002874113814909,0.30642700134717443,0.5240727137609118,0.9707323608548295,3.3357695763397
8,0.8291226418557928,0.33808100716067213,0.36289987594366846,0.352301743930881,0.39662770645717604,0.30642700134717443,0.5360370560868708,1.0,2.8622008809294686
9,0.5060094890754822,0.33808100716067213,0.36289987594366846,0.352301743930881,0.4680973366545317,0.30642700134717443,0.581488168273038,0.8912549804870838,2.990719731730447
10,0.5976008801190685,0.33808100716067213,0.36289987594366846,0.352301743930881,0.5395669668518875,0.30642700134717443,0.5597968190742341,0.9570213227368345,2.772588722239781
11,0.3936339332528049,0.33808100716067213,0.36289987594366846,0.352301743930881,0.4690553745928342,0.30642700134717443,0.5490698807816898,0.867021011332722,2.990719731730447
12,0.46623019412775746,0.33808100716067213,0.36289987594366846,0.352301743930881,0.44606246407357764,0.30642700134717443,0.47772646812213715,0.4560508816520699,3.122364924487357
13,0.23203801010606517,0.34944915765126705,0.39485961734121344,0.9211445792887605,0.4575589193332058,0.2974938765771667,0.4058846074596672,0.6840028283304184,3.0633909220278057
14,0.29873327117313814,0.34944915765126705,0.39485961734121344,0.9211445792887605,0.4857252347192952,0.2974938765771667,0.3813414517632363,0.8799964336222983,2.9549102790337356
15,0.23918766387942608,0.34944915765126705,0.39485961734121344,0.9211445792887605,0.43552404675225154,0.2974938765771667,0.38503557444936337,0.6341362161786317,3.039749158970765
16,0.17352823777296578,0.34944915765126705,0.39485961734121344,0.9211445792887605,0.45487641310595917,0.2974938765771667,0.38503557444936337,0.3469678410528478,3.1822118404966093
17,0.43573306578900084,0.34944915765126705,0.39485961734121344,0.9211445792887605,0.46541483042728526,0.2974938765771667,0.3606331377913895,0.8572122820527687,2.917770732084279
18,0.3445980630207045,0.34944915765126705,0.39485961734121344,0.9211445792887605,0.3630963786165936,0.2974938765771667,0.3126695072521094,0.42981934007889033,3.054001181677967
19,0.33159643712538406,0.34944915765126705,0.39485961734121344,0.9211445792887605,0.41502203487258116,0.2974938765771667,0.3126695072521094,0.7535111210549612,2.9549102790337356
20,0.6126222264046334,0.34944915765126705,0.39485961734121344,0.9211445792887605,0.3849396436098872,0.2974938765771667,0.31281747922651293,0.9858155619207049,2.681021528714291
21,0.41062128727337743,0.34944915765126705,0.39485961734121344,0.9211445792887605,0.46062464073577336,0.2974938765771667,0.33530105754752804,0.9174504381758621,3.0252910757955354
22,0.5510278944551048,0.34944915765126705,0.39485961734121344,0.9211445792887605,0.49453918375167694,0.2974938765771667,0.3316128172471833,0.9369835695002893,2.785011242238338
23,0.5824214844650191,0.34944915765126705,0.39485961734121344,0.9211445792887605,0.4315002874113817,0.2974938765771667,0.34390149066803216,1.0,2.740840023925201
24,0.48324908736077493,0.34944915765126705,0.39485961734121344,0.9211445792887605,0.4527687296416941,0.2974938765771667,0.37504876322638275,0.9554897991950358,2.8094026953624973
25,0.4892585368628247,0.34944915765126705,0.39485961734121344,0.9211445792887605,0.39049626365204093,0.2974938765771667,0.3806055242942457,0.88965198583229,2.7013612129514133
26,0.4398761928564263,0.34944915765126705,0.39485961734121344,0.9211445792887605,0.4315002874113817,0.2974938765771667,0.40335569423120843,0.9260776155285662,2.8678989020441064
27,0.5110814690525901,0.34944915765126705,0.39485961734121344,0.9211445792887605,0.47633646292393206,0.2974938765771667,0.38048451398074606,0.9143004477522124,2.760009940032921
28,0.3792206627872266,0.34944915765126705,0.39485961734121344,0.9211445792887605,0.5621766621958232,0.2974938765771667,0.380615608028888,0.9577864752559043,2.9652730660692823
29,0.35372409545520617,0.34944915765126705,0.39485961734121344,0.9211445792887605,0.5964744203870477,0.2974938765771667,0.3586994425187386,0.9024263474639207,3.091042453358316
30,0.653460821396874,0.34944915765126705,0.39485961734121344,0.9211445792887605,0.4123395286453345,0.2974938765771667,0.35808502860837427,0.9554897991950358,2.617395832834079
31,0.38659862069117157,0.34944915765126705,0.39485961734121344,0.9211445792887605,0.48112665261544396,0.2974938765771667,0.3521321647310515,1.0,2.740840023925201
32,0.7781419596460074,0.34944915765126705,0.39485961734121344,0.9211445792887605,0.45775052692086626,0.2974938765771667,0.3329787737913669,0.8596707235012213,2.653241964607215
33,0.5408689950205132,0.34944915765126705,0.39485961734121344,0.9211445792887605,0.4100402375934088,0.2974938765771667,0.31168616510684716,0.9623688879202029,2.6461747973841225
34,0.5946839329899439,0.34944915765126705,0.39485961734121344,0.9211445792887605,0.4857252347192952,0.2974938765771667,0.3087851040881705,0.9767845775582642,2.6741486494265287
35,0.27970700351948996,0.2549970867683755,0.3040061868901,0.7673392432097248,0.45449319793063825,0.2333635391574511,0.2658104806624234,0.742008431765984,2.990719731730447
36,0.33573160378216027,0.2549970867683755,0.3040061868901,0.7673392432097248,0.43686529986587497,0.2333635391574511,0.26773093177795104,0.6802988595669996,3.044522437723423
37,0.24934038024031663,0.2549970867683755,0.3040061868901,0.7673392432097248,0.4385897681548191,0.2333635391574511,0.32715142499134725,0.48287751999966183,3.091042453358316
38,0.29449052735488646,0.2549970867683755,0.3040061868901,0.7673392432097248,0.4608162483234338,0.2333635391574511,0.31802908371365407,0.35744328471141035,3.246490991901174
39,0.0908778958757904,0.1135029508909855,0.1223114085082448,0.6838158876474416,0.5813374209618704,0.16870082229301037,0.4730240250390095,0.25658160459574225,3.459466289786131
40,0.0,0.1135029508909855,0.1223114085082448,0.6838158876474416,0.6635370760682128,0.16870082229301037,0.4730240250390095,0.1799603229928297,3.580737295494233
41,0.11031849637034485,0.2969196048498289,0.17584983539941776,0.6450834931587268,0.6148687488024528,0.12139510751465371,0.5029582013271648,0.0,3.3178157727231046
42,0.14589711879577508,0.2969196048498289,0.17584983539941776,0.6450834931587268,0.49971258861850953,0.12139510751465371,0.5029582013271648,0.05395243808072421,3.269568939183719
43,0.20377599945838518,0.2969196048498289,0.17584983539941776,0.6450834931587268,0.5077601073002495,0.12139510751465371,0.5029582013271648,0.05252048258759242,3.246490991901174
44,0.27540785179217936,0.2969196048498289,0.17584983539941776,0.6450834931587268,0.48055182985246236,0.12139510751465371,0.5029582013271648,0.4668414707809913,3.100092288878234
45,0.29710292289149837,0.2969196048498289,0.17584983539941776,0.6450834931587268,0.4063996934278601,0.12139510751465371,0.44429956309445906,0.3986006094681701,3.0106208860477417
46,0.4202392898349745,0.2969196048498289,0.17584983539941776,0.6450834931587268,0.42632688254454887,0.12139510751465371,0.44429956309445906,0.39295404632702796,3.044522437723423
47,0.553215039146711,0.2969196048498289,0.17584983539941776,0.6450834931587268,0.47307913393370404,0.12139510751465371,0.5000371361718744,0.8880472080907497,2.8678989020441064
48,0.848842918393113,0.2969196048498289,0.17584983539941776,0.6450834931587268,0.3521747461199466,0.12139510751465371,0.5167048875117742,0.9646546476392618,2.7343675094195836
49,0.4803786227431366,0.2969196048498289,0.17584983539941776,0.6450834931587268,0.3910710864150223,0.12139510751465371,0.5365439827067775,0.685851252722787,3.0155349008501706
50,0.39911599826922045,0.24059701671403844,0.1520030934450499,0.5328739895727022,0.46024142556045244,0.14648608847748412,0.6008860115919286,0.5268527617455611,3.0301337002713233
51,0.271428000879634,0.24059701671403844,0.1520030934450499,0.5328739895727022,0.4893657788848441,0.14648608847748412,0.6008860115919286,0.695058016839414,3.068052935133617
52,0.1265660655339592,0.24059701671403844,0.1520030934450499,0.5328739895727022,0.5652423835983907,0.14648608847748412,0.6008860115919286,0.2478493122325796,3.258096538021482
53,0.23782855399003716,0.24059701671403844,0.1520030934450499,0.5328739895727022,0.46694769112856893,0.14648608847748412,0.6008860115919286,0.25159819708148656,3.1945831322991562
54,0.4395806494689565,0.1644525802785439,0.07236697733184033,0.929226925586619,0.4458708564859172,0.6212130269905171,0.6439491326008352,0.546314331820324,2.990719731730447
55,0.10920401578893618,0.025422596879906882,0.052467419894135635,0.6450834931587268,0.7066487832918186,0.10356811054277928,0.7552234410852544,0.2578247714463742,3.594568774642695
56,0.14444717390901637,0.0,0.07236697733184033,0.5849625007211562,0.5407166123778505,0.3108729063783665,0.792915307728853,0.4198582300286889,3.246490991901174
57,0.07688389009638186,0.03066304957578714,0.07518749639421907,0.3402289116303061,0.6236826978348345,0.17846529300855332,0.7260121739032487,0.4722066500431109,3.484312288372662
58,0.18344614109593116,0.21734562164392188,0.18892966244340745,0.8117333625681784,0.4951140065146581,0.24502645668303114,0.6849558292069003,0.34579919373022566,3.190476350346503
59,0.2644367339711762,0.21734562164392188,0.18892966244340745,0.8117333625681784,0.4533435524046755,0.24502645668303114,0.611003812594828,0.5422389193902066,3.0252910757955354
60,0.3899676160550351,0.21734562164392188,0.18892966244340745,0.8117333625681784,0.4177045410998278,0.24502645668303114,0.6360048354382118,0.7241309410357281,2.9806186357439426
61,0.42890056337771587,0.21734562164392188,0.18892966244340745,0.8117333625681784,0.4608162483234338,0.24502645668303114,0.6012148980452535,0.9501166270961843,2.833213344056216
62,0.17884987804116043,0.21734562164392188,0.18892966244340745,0.8117333625681784,0.5547039662770649,0.24502645668303114,0.6360132831444115,0.7384506123527947,3.144152278672264
63,0.27375091461580187,0.21734562164392188,0.18892966244340745,0.8117333625681784,0.6133358881011691,0.24502645668303114,0.6984560359580948,0.5029372692829056,3.258096538021482
64,0.22485274780705183,0.03379820845006529,0.0894869909902457,0.712197689017264,0.6788656830810503,0.07771266869725668,0.7955875617726837,0.662573964271579,3.5263605246161616
65,0.10399169255211364,0.1340992190230891,0.03808350173147969,0.45663840374561676,0.5228971067254266,0.3631817796444081,0.5831891392675772,0.20595553152577423,3.1986731175506815
66,0.2980813529329946,0.1340992190230891,0.03808350173147969,0.45663840374561676,0.42651849013220955,0.3631817796444081,0.5831891392675772,0.3678432139026683,3.0155349008501706
67,0.22656677324436636,0.2599141001878922,0.06954093325307688,0.7400318972139895,0.44395478060931237,0.38020492748672213,0.5732090060862257,0.25159819708148656,3.1354942159291497
68,0.388130957575418,0.2599141001878922,0.06954093325307688,0.7400318972139895,0.38953822571373864,0.38020492748672213,0.5732090060862257,0.43202361100562037,2.91235066461494
69,0.2500146943637817,0.2599141001878922,0.06954093325307688,0.7400318972139895,0.4452960337229356,0.38020492748672213,0.5732090060862257,0.3895554698651631,3.086486636822455
70,0.1784957120786873,0.45729270788096255,0.08081204558809715,0.7673392432097248,0.5472312703583065,0.29300648558485276,0.46222039906215834,0.05395243808072421,3.2268439945173775
71,0.2862961679349155,0.45729270788096255,0.08081204558809715,0.7673392432097248,0.4598582103851315,0.29300648558485276,0.46222039906215834,0.20208598506412262,3.122364924487357
72,0.13535185289488616,0.45729270788096255,0.08081204558809715,0.7673392432097248,0.47978539950182053,0.29300648558485276,0.46222039906215834,0.0710259514396657,3.169685580677429
73,0.20725237473297933,0.45729270788096255,0.08081204558809715,0.7673392432097248,0.5142747652807055,0.29300648558485276,0.46222039906215834,0.04821606853157973,3.1945831322991562
74,0.18061940486779557,0.5338401773510975,0.14664985895084318,0.7215355535966,0.5196397777351985,0.48817743818627646,0.35997863169379024,0.045339307776016156,3.2228678461377385
75,0.25506202910109826,0.5338401773510975,0.14664985895084318,0.7215355535966,0.5221306763747847,0.48817743818627646,0.3854376325553408,0.5196160104295361,3.109060958860994
76,0.3534103637934525,0.5338401773510975,0.14664985895084318,0.7215355535966,0.5207894232611615,0.48817743818627646,0.33944687016528113,0.7969167728683736,3.044522437723423
77,0.29905911985682465,0.5338401773510975,0.14664985895084318,0.7215355535966,0.4941559685763558,0.48817743818627646,0.34341525928937455,0.5278836264131366,3.0819099697950434
78,0.36497323658816555,0.5338401773510975,0.14664985895084318,0.7215355535966,0.5117838666411193,0.48817743818627646,0.43594899184848795,0.6070788516798754,3.100092288878234
79,0.26042646025376504,0.5338401773510975,0.14664985895084318,0.7215355535966,0.44318835025867054,0.48817743818627646,0.3854376325553408,0.42981934007889033,3.0587070727153796
80,0.12693321022124127,0.20488265304799866,0.11684664803143371,0.7491918964994656,0.6066296225330526,0.23804002636692423,0.47298619229244887,0.3952153242835315,3.367295829986474
81,0.1960983589633372,0.20488265304799866,0.11684664803143371,0.7491918964994656,0.5859360030657216,0.23804002636692423,0.47298619229244887,0.7614211350024334,3.214867803470662
82,0.1784957120786873,0.20488265304799866,0.11684664803143371,0.7491918964994656,0.5251963977773523,0.23804002636692423,0.47298619229244887,0.38045326275791075,3.250374491927572
83,0.2062103414331532,0.20488265304799866,0.11684664803143371,0.7491918964994656,0.4993293734431886,0.23804002636692423,0.47298619229244887,0.5371284108904444,3.173878458937465
84,0.27772437145177226,0.18762700317577136,0.178475304806241,0.7027989910150144,0.5418662579038133,0.15640155734256692,0.4129913722264063,0.5503782642002231,3.214867803470662
85,0.17174998654217138,0.18762700317577136,0.178475304806241,0.7027989910150144,0.5880436865299868,0.15640155734256692,0.37890035988855997,0.6303018084971723,3.3178157727231046
86,0.38106869255429676,0.18762700317577136,0.178475304806241,0.7027989910150144,0.47020502011879695,0.15640155734256692,0.3778399222523509,0.5206520571820608,3.157000421150113
87,0.23816845151567323,0.18762700317577136,0.178475304806241,0.7027989910150144,0.4905154244108071,0.15640155734256692,0.307491511411444,0.6370053487932489,3.144152278672264
88,0.13462174405294303,0.13604551954207375,0.2797586406434227,0.63523570720238,0.6602797470779845,0.2121297047182318,0.272499168258631,0.8944556363553409,3.202746442938317
89,0.1419062585997407,0.13604551954207375,0.2797586406434227,0.63523570720238,0.6740754933895386,0.2121297047182318,0.27171643013456676,0.6959754699964945,3.391147045808654
90,0.250688693460782,0.13604551954207375,0.2797586406434227,0.63523570720238,0.5472312703583065,0.2121297047182318,0.23624692737837363,0.7232312247353557,3.1612467120315646
91,0.22998872703296128,0.13604551954207375,0.2797586406434227,0.63523570720238,0.5449319793063808,0.2121297047182318,0.23622463725128048,0.791776523816975,3.1354942159291497
92,0.22862091935440598,0.6131823743686144,0.21729455369676912,0.6742298388182434,0.5520214600498182,0.2121297047182318,0.29879866029887187,0.6061030687269586,3.173878458937465
93,0.16031697938062436,0.6131823743686144,0.21729455369676912,0.6742298388182434,0.5077601073002495,0.2121297047182318,0.29879866029887187,0.3422875610652651,3.258096538021482
94,0.3094476078829395,0.6131823743686144,0.21729455369676912,0.6742298388182434,0.5150411956313473,0.2121297047182318,0.29335631710006654,0.8206653756409823,3.0726933146901194
95,0.1760141129200049,0.11053647614966554,0.16794463731407153,0.6548645139513124,0.5870856485916846,0.22632026215333118,0.2804654182205905,0.6465281229117555,3.380994674344636
96,0.33350644849115724,0.11053647614966554,0.16794463731407153,0.6548645139513124,0.4985629430925468,0.22632026215333118,0.2804654182205905,0.7543921562218163,3.109060958860994
97,0.08673167605272902,0.11053647614966554,0.16794463731407153,0.6548645139513124,0.8637670051734055,0.22632026215333118,0.2804654182205905,0.8096878362667704,3.681351187693145
98,0.062368964495327986,0.11053647614966554,0.16794463731407153,0.6548645139513124,0.8160567158459481,0.22632026215333118,0.2804654182205905,0.4331244848025623,3.8022081394209395
99,0.15959939914156343,0.11053647614966554,0.16794463731407153,0.6548645139513124,0.7386472504311176,0.22632026215333118,0.2804654182205905,0.6904619790533879,3.5322256440685598
100,0.2710958505291652,0.36695679571290796,0.3536369546147005,0.91301669840536,0.6066296225330526,0.46043244770337216,0.20076315893230037,0.8423730022319089,3.349904087274605
101,0.21175917535378067,0.36695679571290796,0.3536369546147005,0.91301669840536,0.6169764322667181,0.46043244770337216,0.20967936139229512,0.7692880162753878,3.3141860046725258
102,0.31074092490446004,0.36695679571290796,0.3536369546147005,0.91301669840536,0.5449319793063808,0.46043244770337216,0.19353750183334964,0.8872441493219547,2.975529566236472
103,0.39881198498374415,0.36695679571290796,0.3536369546147005,0.91301669840536,0.4935811458133744,0.46043244770337216,0.19353750183334964,0.9032210018717227,3.0106208860477417
104,0.36466194194009427,0.36695679571290796,0.3536369546147005,0.91301669840536,0.4993293734431886,0.46043244770337216,0.1594209689441127,0.9237298606721434,3.0492730404820207
105,0.48811580805782145,0.36695679571290796,0.3536369546147005,0.91301669840536,0.43878137574247955,0.46043244770337216,0.12201926363816792,0.9752739019847454,3.0204248861443626
106,0.5493853572292292,0.36695679571290796,0.3536369546147005,0.91301669840536,0.4359072619275727,0.46043244770337216,0.13452279100788908,0.9385348546399593,3.0204248861443626
107,0.41844079173267673,0.36695679571290796,0.3536369546147005,0.91301669840536,0.49166506993676984,0.46043244770337216,0.12388786027645761,0.885636689500069,3.0633909220278057
108,0.3627927621827624,0.36695679571290796,0.3536369546147005,0.91301669840536,0.5581529028549533,0.46043244770337216,0.16081908305591727,0.9782936729269202,3.0349529867072724
109,0.46158008521587407,0.36695679571290796,0.3536369546147005,0.91301669840536,0.5112090438781379,0.46043244770337216,0.17393511421110106,0.9330980432063386,3.0155349008501706
110,0.3853715782690089,0.36695679571290796,0.3536369546147005,0.91301669840536,0.5046943858976819,0.46043244770337216,0.20076315893230037,0.613890915119404,3.122364924487357
111,0.2954707301154256,0.4258173380320865,0.41503749927884387,0.63523570720238,0.6043303314811269,0.5534167864243761,0.18926066658283158,0.8563918697242117,3.169685580677429
112,0.4806659263467724,0.4258173380320865,0.41503749927884387,0.63523570720238,0.45066104617742886,0.5534167864243761,0.15145292784229109,0.9462663578215917,2.9856819377004897
113,0.5057271889002561,0.4258173380320865,0.41503749927884387,0.63523570720238,0.48495880436865313,0.5534167864243761,0.1742725445495262,0.9654157634790669,2.9806186357439426
114,0.30491184610226246,0.4258173380320865,0.41503749927884387,0.63523570720238,0.5159992335696496,0.5534167864243761,0.13995397949779045,0.8775724145011126,2.970414465569701
115,0.46768028475229184,0.4258173380320865,0.41503749927884387,0.63523570720238,0.45353515999233596,0.5534167864243761,0.16436116769645848,0.9095625287455494,2.9601050959108397
116,0.35560505405397036,0.4258173380320865,0.41503749927884387,0.63523570720238,0.501053841732133,0.5534167864243761,0.19530431559779327,0.7797109035672245,3.100092288878234
117,0.30003622456121787,0.4258173380320865,0.41503749927884387,0.63523570720238,0.4713546656447597,0.5534167864243761,0.19728653564217125,0.8645750739722392,3.005682604407159
118,0.4563307342180543,0.4258173380320865,0.41503749927884387,0.63523570720238,0.4428051350833496,0.5534167864243761,0.1660470516638101,0.7848942446191602,3.0633909220278057
119,0.4039715183456065,0.4258173380320865,0.41503749927884387,0.63523570720238,0.415788465223223,0.5534167864243761,0.19863700944990806,0.7151084285712795,3.0106208860477417
120,0.42681466705519744,0.9430530804536351,0.48881542541839135,0.7582941036067179,0.4424219199080287,0.00275061101603467,0.14009694326624547,0.7552726536802665,3.1354942159291497
121,0.4238295738302939,0.9430530804536351,0.48881542541839135,0.7582941036067179,0.4680973366545317,0.00275061101603467,0.13289542575566252,0.8767635022058025,3.0587070727153796
122,0.5292499117536799,0.9430530804536351,0.48881542541839135,0.7582941036067179,0.4598582103851315,0.00275061101603467,0.11960458946594074,0.9462663578215917,3.068052935133617
123,0.723352502910687,0.9430530804536351,0.48881542541839135,0.7582941036067179,0.43973941368078207,0.00275061101603467,0.1022820486118714,0.9775393225615563,2.9069010598473755
124,0.5194953442279462,0.9430530804536351,0.48881542541839135,0.7582941036067179,0.44414638819697283,0.00275061101603467,0.10983228190491015,0.968456217799118,2.9856819377004897
125,0.4398761928564263,0.9430530804536351,0.48881542541839135,0.7582941036067179,0.4646484000766432,0.00275061101603467,0.10820116880198317,0.9111435645650298,3.109060958860994
126,0.7675847490526014,0.9430530804536351,0.48881542541839135,0.7582941036067179,0.39317876987928757,0.00275061101603467,0.0792049447032641,0.966936791601917,2.8154087194227095
127,0.5085477079626348,0.8345763907926284,0.5770246812965159,0.9372642446520372,0.40850737689212513,0.5627667546069599,0.08306446106038966,0.9699740454413712,2.8449093838194073
128,0.45691493954731244,0.8345763907926284,0.5770246812965159,0.9372642446520372,0.5499137765855532,0.5627667546069599,0.08606055924517024,0.9910576467362504,2.9444389791664403
129,0.5405934348934431,0.8345763907926284,0.5770246812965159,0.9372642446520372,0.3977773519831388,0.5627667546069599,0.10661698130009735,0.9600795009691775,2.72785282839839
130,0.37304341061421664,0.8345763907926284,0.5770246812965159,0.9372642446520372,0.5550871814523858,0.5627667546069599,0.12341792507174904,0.9918049635314581,3.005682604407159
131,0.3624809966405682,0.8345763907926284,0.5770246812965159,0.9372642446520372,0.5297949798812035,0.5627667546069599,0.14168051044503557,0.9828115107761879,3.0252910757955354
132,0.32649067628775974,0.8345763907926284,0.5770246812965159,0.9372642446520372,0.5386089289135852,0.5627667546069599,0.1483765403318082,0.9843143182463349,3.1780538303479458
133,0.44636287676605396,0.8345763907926284,0.5770246812965159,0.9372642446520372,0.43322475570032604,0.5627667546069599,0.16515752507344866,0.9654157634790669,2.9652730660692823
134,0.5119250681649549,0.8345763907926284,0.5770246812965159,0.9372642446520372,0.42077026250239535,0.5627667546069599,0.15057800826797027,0.988064502424267,2.8094026953624973
135,0.5020522509806492,0.8345763907926284,0.5770246812965159,0.9372642446520372,0.5315194481701478,0.5627667546069599,0.12247759519088268,0.9865655983508498,2.9496883350525844
136,0.500352963339092,0.8345763907926284,0.5770246812965159,0.9372642446520372,0.4562176662195826,0.5627667546069599,0.10503105232892207,0.9508854494116821,2.91235066461494
137,0.43336021156841564,0.8345763907926284,0.5770246812965159,0.9372642446520372,0.554320751101744,0.5627667546069599,0.0906663605769564,0.988064502424267,2.89591193827178
138,0.6204658215180968,0.8345763907926284,0.5770246812965159,0.9372642446520372,0.4399310212684425,0.5627667546069599,0.06815271946571952,0.9865655983508498,2.6602595372658615
139,0.5438966877180813,0.8345763907926284,0.5770246812965159,0.9372642446520372,0.49626365204062106,0.5627667546069599,0.06816524161013128,0.9843143182463349,2.9338568698359033
140,0.692679201903221,0.8345763907926284,0.5770246812965159,0.9372642446520372,0.500670626556812,0.5627667546069599,0.061035104035347364,0.9516538622345823,2.70805020110221
141,0.9268220018431722,0.8345763907926284,0.5770246812965159,0.9372642446520372,0.2793638628089674,0.5627667546069599,0.03916250950883956,1.0,2.7343675094195836
142,0.7571869019472767,0.7636476368187115,1.0,0.2909011992667378,0.3529411764705884,0.49795845897886176,0.02403288844796436,1.0,2.667228206581955
143,0.7476688397749439,0.7636476368187115,1.0,0.2909011992667378,0.3653956696685191,0.49795845897886176,0.03563191455039111,1.0,2.8094026953624973
144,0.8146093973909762,0.7636476368187115,1.0,0.2909011992667378,0.2571373826403527,0.49795845897886176,0.02716687019160175,0.9835631101893262,2.5494451709255714
145,0.7802441627813425,0.7636476368187115,1.0,0.2909011992667378,0.4922398926997512,0.49795845897886176,0.03656657206722861,1.0,2.6946271807700692
146,0.4932509747877734,0.7636476368187115,1.0,0.2909011992667378,0.39605288369419445,0.49795845897886176,0.04899230413665022,1.0,2.8094026953624973
147,0.8200689877887651,0.7636476368187115,1.0,0.2909011992667378,0.26154435715654356,0.49795845897886176,0.0418940653542335,0.9676967047303052,2.747270914255491
148,0.7923306104861568,0.7636476368187115,1.0,0.2909011992667378,0.3113623299482662,0.49795845897886176,0.050641011683742805,0.9531894611458074,2.9338568698359033
149,0.623851514114751,0.7636476368187115,1.0,0.2909011992667378,0.39011304847672,0.49795845897886176,0.050146597223956785,0.9616061625305693,2.797281334830153
150,0.4187406971574941,0.7636476368187115,1.0,0.2909011992667378,0.4907070319984673,0.49795845897886176,0.0618025318381228,0.979801191393127,3.1135153092103742
151,0.39393903953307685,0.7636476368187115,1.0,0.2909011992667378,0.3531327840582489,0.49795845897886176,0.05847826120446065,1.0,3.0252910757955354
152,0.35810919014092824,0.7636476368187115,1.0,0.2909011992667378,0.278022609695344,0.49795845897886176,0.06082115795633988,0.9079797583828585,2.791165107812717
153,0.46854964003071575,0.7636476368187115,1.0,0.2909011992667378,0.4115730982946927,0.49795845897886176,0.06245641041854529,0.9888133708765289,3.0155349008501706
154,0.4490081368262906,0.7636476368187115,1.0,0.2909011992667378,0.49204828511209053,0.49795845897886176,0.07823534142365339,0.9699740454413712,2.8903717578961645
155,0.4460686593609578,0.7636476368187115,1.0,0.2909011992667378,0.4964552596282815,0.49795845897886176,0.07775029530600058,0.8645750739722392,2.8094026953624973
156,0.4786535985748155,0.7636476368187115,1.0,0.2909011992667378,0.3278405824870668,0.49795845897886176,0.07661788644184542,0.9547234273093445,2.6461747973841225
157,0.10100474523071522,0.7636476368187115,0.5387118696653992,0.2909011992667378,0.6480168614677143,0.49795845897886176,0.09405266669885338,0.980554360316988,3.744787086052232
158,0.16818689497828712,0.7636476368187115,0.5387118696653992,0.2909011992667378,0.479977007089481,0.49795845897886176,0.07921737128472275,1.0,3.2308043957334744
159,0.20203466546196,0.7636476368187115,1.0,0.2909011992667378,0.5650507760107303,0.49795845897886176,0.08028565706825826,1.0,3.190476350346503
160,0.13462174405294303,0.7636476368187115,0.5387118696653992,0.2909011992667378,0.5152328032190078,0.49795845897886176,0.08431565533356694,0.9439512542904696,3.332204510175204
161,0.3430187579468568,0.7636476368187115,0.5387118696653992,0.2909011992667378,0.43935619850546115,0.49795845897886176,0.15953850968402528,0.9377594205762014,3.1654750481410856
162,0.2839933820654949,0.7636476368187115,0.5387118696653992,0.2909011992667378,0.4866832726575975,0.49795845897886176,0.14315535484060926,0.9470372341642123,3.258096538021482
163,0.358734545608409,0.7636476368187115,0.5387118696653992,0.2909011992667378,0.4437631730216519,0.49795845897886176,0.15999682708903948,0.8365606978026427,3.2108436531709366
164,0.3258511837946255,0.7636476368187115,0.5387118696653992,0.2909011992667378,0.5284537267675803,0.49795845897886176,0.12118665760866561,0.9707323608548295,3.2108436531709366
165,0.3328700589612577,0.7636476368187115,0.5387118696653992,0.2909011992667378,0.5443571565433994,0.49795845897886176,0.14066865671231746,0.9638931300491927,3.148453360571655
166,0.4286027627696012,0.7636476368187115,0.5387118696653992,0.2909011992667378,0.443379957846331,0.49795845897886176,0.15999682708903948,0.9593155639426489,2.91235066461494
167,0.35529173120750285,0.7636476368187115,0.5387118696653992,0.2909011992667378,0.4443379957846333,0.49795845897886176,0.15561924371099198,0.979801191393127,3.0007198150650303
168,0.43632567004497697,0.16683444484613577,0.33021606621294863,0.5115003387801352,0.3853228587852081,0.27263868789089096,0.17985775432667161,0.9119334332082963,3.1822118404966093
169,0.25841713535947874,0.16683444484613577,0.33021606621294863,0.5115003387801352,0.5470396627706461,0.27263868789089096,0.18566384143813083,0.8767635022058025,3.202746442938317
170,0.27838555159207484,0.16683444484613577,0.33021606621294863,0.5115003387801352,0.44031423644376344,0.27263868789089096,0.19206733288539868,0.7464434031063254,3.1612467120315646
171,0.12840085535380266,0.16683444484613577,0.33021606621294863,0.5115003387801352,0.5719486491665075,0.27263868789089096,0.2406980448203722,0.39068921848216565,3.414442608412176
172,0.2938366886666551,0.16683444484613577,0.33021606621294863,0.5115003387801352,0.47116305805709924,0.27263868789089096,0.28690374488612896,0.5422389193902066,3.186352633162641
173,0.16318373649060217,0.16683444484613577,0.33021606621294863,0.5115003387801352,0.5276872964169385,0.27263868789089096,0.2611295975174854,0.7874789482801593,3.242592351485517
174,0.18556256451835731,0.16683444484613577,0.33021606621294863,0.5115003387801352,0.6321134316918954,0.27263868789089096,0.21638420981242823,0.7960613355228899,3.4307561839036995
175,0.11772644610461411,0.08909634188485809,0.27731132022467964,0.63523570720238,0.6551063422111519,0.016425547913111196,0.20659965312372716,0.6522117614153382,3.6428355156125294
176,0.20794664569964488,0.08909634188485809,0.27731132022467964,0.63523570720238,0.8055182985246218,0.016425547913111196,0.19655354617188875,0.8702758238602143,3.708682081410116
177,0.2720920722565553,0.08909634188485809,0.27731132022467964,0.63523570720238,0.49492239892699785,0.016425547913111196,0.18006634511972555,0.68769731188816,3.616308761279101
178,0.10957560498375,0.08909634188485809,0.27731132022467964,0.63523570720238,0.6886376700517344,0.016425547913111196,0.1919179350118683,0.9408586592350879,3.6609942506244004
179,0.1411794600751054,0.08909634188485809,0.27731132022467964,0.63523570720238,0.5752059781567352,0.016425547913111196,0.20864594878502116,0.966936791601917,3.5115454388310208
180,0.4151377107914662,0.08909634188485809,0.27731132022467964,0.63523570720238,0.3914543015903432,0.016425547913111196,0.2245643974539741,0.9221625655251828,3.3105430133940246
181,0.3899676160550351,0.08909634188485809,0.27731132022467964,0.63523570720238,0.496646867215942,0.016425547913111196,0.25698287898519573,0.7473287636992475,3.4210000089583352
182,0.17707817814898294,0.13750352374993488,0.14664985895084318,0.352301743930881,0.6171680398543785,0.48817743818627646,0.31183423796827486,0.4786186385573449,3.4965075614664802
183,0.09988304370403417,0.13750352374993488,0.14664985895084318,0.352301743930881,0.573864725043112,0.48817743818627646,0.39186537572167424,0.3446295989836468,3.427514689979529
184,0.13059952741901107,0.13750352374993488,0.14664985895084318,0.352301743930881,0.6943858976815486,0.48817743818627646,0.39186537572167424,0.45496737049269953,3.580737295494233
185,0.11994143380821773,0.13750352374993488,0.14664985895084318,0.352301743930881,0.6495497221689982,0.48817743818627646,0.57160222499903,0.25284566368829764,3.6375861597263857
186,0.10473746410704514,0.13750352374993488,0.14664985895084318,0.352301743930881,0.6089289135849784,0.48817743818627646,0.57160222499903,0.36438489413025715,3.449987545831587
187,0.03524255350461044,0.13750352374993488,0.14664985895084318,0.352301743930881,0.6930446445679254,0.48817743818627646,0.57160222499903,0.31148994569813176,3.6216707044204863
188,0.11735695063815874,0.11251480356407446,0.046731050344991185,0.39960745870923775,0.620616976432267,0.20019667522225165,0.5484326975289556,0.10042686788022487,3.4688560301359703
189,0.09313445792222194,0.11251480356407446,0.046731050344991185,0.39960745870923775,0.5830618892508147,0.20019667522225165,0.5484326975289556,0.21877957188335784,3.40452517175483
190,0.0818161856386125,0.04108719204319933,0.05532707403337616,0.0,0.7139298716229167,0.34595536553381184,0.6430499089554212,0.4019779696704903,3.535145354171894
191,0.2439344908579758,0.04108719204319933,0.05532707403337616,0.0,0.6794405058440319,0.34595536553381184,0.6430499089554212,0.42981934007889033,3.4436180975461075
192,0.17494926230636043,0.04108719204319933,0.05532707403337616,0.0,0.7114389729833305,0.34595536553381184,0.6430499089554212,0.44844915891873155,3.572345637857985
193,0.09988304370403417,0.03848820910128539,0.052467419894135635,0.5539356051005316,0.6541483042728494,0.4960075526087006,0.6717154863349706,0.17338766906934355,3.580737295494233
194,0.09576266041516968,0.03848820910128539,0.052467419894135635,0.5539356051005316,0.684805518298525,0.4960075526087006,0.6717154863349706,0.15482332231545798,3.5234150143864045
195,0.20342790076182635,0.06733276945805948,0.08641475181747313,0.2909011992667378,0.4983713355048863,0.38653717631043877,0.5529497214683645,0.44953757469339545,3.2228678461377385
196,0.04460060820284458,0.06733276945805948,0.08641475181747313,0.2909011992667378,0.7758191224372489,0.38653717631043877,0.5529497214683645,0.17864818553003886,3.768152635008444
197,0.07155326102503395,0.10010551459353136,0.0894869909902457,0.2909011992667378,0.8223797662387432,0.09843395907134253,0.4459966587218033,0.3918220768371082,3.9019726695746444
198,0.3184765736840653,0.4487052120442388,0.2797586406434227,0.712197689017264,0.44644567924889855,0.22867184383272904,0.32832296167093483,0.2627867541224504,3.1612467120315646
199,0.32168755885308925,0.4487052120442388,0.2797586406434227,0.712197689017264,0.5297949798812035,0.22867184383272904,0.370516812815604,0.5953256702541976,3.2347491740244907
200,0.532856304465522,0.4487052120442388,0.2797586406434227,0.712197689017264,0.4257520597815677,0.22867184383272904,0.370516812815604,0.7814407539434064,3.157000421150113
201,0.4354366723537747,0.4487052120442388,0.2797586406434227,0.712197689017264,0.4795937919141601,0.22867184383272904,0.3587199184766272,0.6588144962395853,3.2347491740244907
202,0.6658946433254777,0.4487052120442388,0.2797586406434227,0.712197689017264,0.3416363287986207,0.22867184383272904,0.3209431632052353,1.0,3.044522437723423
203,0.5108001596940135,0.4487052120442388,0.2797586406434227,0.712197689017264,0.45966660279747107,0.22867184383272904,0.32116384635034345,0.9400844735224453,3.122364924487357
204,0.6882080360076644,0.4487052120442388,0.2797586406434227,0.712197689017264,0.3531327840582489,0.22867184383272904,0.2987026083429703,0.9127228696388774,3.0106208860477417
205,0.47548568724109225,0.4487052120442388,0.2797586406434227,0.712197689017264,0.43035064188541894,0.22867184383272904,0.29737857440377424,0.6080539750971199,3.152736022363656
206,0.2697664838920149,0.4487052120442388,0.2797586406434227,0.712197689017264,0.5391837516765666,0.22867184383272904,0.32832296167093483,0.3815941841624802,3.370738174177447
207,0.8205230224237915,0.4487052120442388,0.2797586406434227,0.712197689017264,0.35466564475953277,0.22867184383272904,0.29040739003973126,0.09904032760926226,3.2068032436339315
208,0.2727558381025817,0.4487052120442388,0.2797586406434227,0.712197689017264,0.5022034872580957,0.22867184383272904,0.32832296167093483,0.4924142828708982,3.258096538021482
209,0.40093873387603823,0.5724405804664836,0.4217012295598547,0.48980526768081595,0.4458708564859172,0.22632026215333118,0.23845194697515038,0.6293416120950794,3.190476350346503
210,0.2800371774632332,0.5724405804664836,0.4217012295598547,0.48980526768081595,0.5903429775819126,0.22632026215333118,0.27243395629947204,0.8848322874491824,3.391147045808654
211,0.5289721231630673,0.5724405804664836,0.4217012295598547,0.48980526768081595,0.4579421345085267,0.22632026215333118,0.21344334958319452,0.9531894611458074,3.1135153092103742
212,0.3065333985275417,0.5724405804664836,0.4217012295598547,0.48980526768081595,0.5388005365012457,0.22632026215333118,0.26613801107578294,0.9424057854325665,3.1780538303479458
213,0.28069729874717714,0.2657035926097782,0.32311500983780456,0.5951582678270445,0.6495497221689982,0.2974938765771667,0.2103149398777213,0.9119334332082963,3.3214324131932926
214,0.6241116232006245,0.2657035926097782,0.32311500983780456,0.5951582678270445,0.49875455068020724,0.2974938765771667,0.23130123490036286,0.9338759860889734,3.122364924487357
215,0.2879387674985489,0.2657035926097782,0.32311500983780456,0.5951582678270445,0.6357539758574443,0.2974938765771667,0.25614770618295324,0.8240263440588688,3.349904087274605
216,0.20933418612003132,0.2657035926097782,0.32311500983780456,0.5951582678270445,0.5857443954780613,0.2974938765771667,0.25614770618295324,0.8498117213004988,3.4372078191851885
217,0.08408695479716526,0.2657035926097782,0.3159788285561759,0.5951582678270445,0.9015136999425183,0.2974938765771667,0.21402068344539413,0.8290531611337013,3.8242840911201395
218,0.04537771301069329,0.2657035926097782,0.3159788285561759,0.5951582678270445,0.8582103851312516,0.2974938765771667,0.24993469145662262,0.8960533054454073,3.653252276470785
219,0.1656874845557825,0.2657035926097782,0.3159788285561759,0.5951582678270445,0.6901705307530183,0.2974938765771667,0.24993469145662262,0.8423730022319089,3.484312288372662
220,0.07574326936950988,0.2657035926097782,0.3159788285561759,0.5951582678270445,0.7903812990994447,0.2974938765771667,0.2674255764124987,0.19561358730431516,3.8649313978942956
221,0.06964468151544516,0.2657035926097782,0.3159788285561759,0.5951582678270445,0.57309829469247,0.2974938765771667,0.2674255764124987,0.25159819708148656,3.481240089335692
222,0.3433347572999741,0.2657035926097782,0.3159788285561759,0.5951582678270445,0.4636903621383409,0.2974938765771667,0.299396173266986,0.7411197991287791,3.2308043957334744
223,0.1254640705414435,0.2657035926097782,0.3159788285561759,0.5951582678270445,0.7378808200804755,0.2974938765771667,0.299396173266986,0.8172965590702213,3.4873750779032076
224,0.019509627240014142,0.2657035926097782,0.32311500983780456,0.5951582678270445,0.9151178386664113,0.2974938765771667,0.3170915402178116,0.7866178948133047,3.754198920234579
225,0.07688389009638186,0.2657035926097782,0.32311500983780456,0.5951582678270445,0.8978731557769691,0.2974938765771667,0.2973037943057458,0.7614211350024334,3.8979240810486444
226,0.22485274780705183,0.2657035926097782,0.32311500983780456,0.5951582678270445,0.6064380149453922,0.2974938765771667,0.2973037943057458,0.7268267282559014,3.4011973816621555
227,0.3187979939908173,0.2657035926097782,0.32311500983780456,0.5951582678270445,0.4838091588426906,0.2974938765771667,0.2973037943057458,0.6812257436598448,3.2188758248682006
228,0.2750766165614994,0.2657035926097782,0.32311500983780456,0.5951582678270445,0.5882352941176475,0.2974938765771667,0.3493526029961245,0.8139198576085459,3.261935314328648
229,0.1062278516785262,0.2657035926097782,0.32311500983780456,0.5951582678270445,0.7275340103468099,0.2974938765771667,0.3493526029961245,0.7719008060765581,3.481240089335692
230,0.1656874845557825,0.20812414543595875,0.1223114085082448,0.5115003387801352,0.5594941559685765,0.28172656071885005,0.5457642421626777,0.21494431475302883,3.2068032436339315
231,0.20133754293528197,0.20812414543595875,0.1223114085082448,0.5115003387801352,0.5834451044261356,0.28172656071885005,0.5457642421626777,0.49030044360498026,3.190476350346503
232,0.33477838601316584,0.20812414543595875,0.1223114085082448,0.5115003387801352,0.6392029124353328,0.28172656071885005,0.5588524778112003,0.6129197302689359,3.1354942159291497
233,0.36683959524546433,0.20812414543595875,0.1223114085082448,0.5115003387801352,0.4855336271316347,0.28172656071885005,0.5588524778112003,0.7142030661061175,3.0492730404820207
234,0.32968389370668366,0.20812414543595875,0.1223114085082448,0.5115003387801352,0.5359264226863386,0.28172656071885005,0.6198727357207646,0.5992540458356378,3.144152278672264
235,0.12325755207784304,0.20812414543595875,0.1223114085082448,0.5115003387801352,0.5426326882544551,0.28172656071885005,0.6198727357207646,0.0710259514396657,3.2068032436339315
236,0.3699448375998838,0.25051248557912126,0.1304699318954087,0.7582941036067179,0.38934661812607796,0.34811994964713466,0.6963511405731962,0.8139198576085459,2.9231615807191558
237,0.5438966877180813,0.25051248557912126,0.1304699318954087,0.7582941036067179,0.3916459091780037,0.34811994964713466,0.6963511405731962,0.7596670982624907,2.970414465569701
238,0.26243299053672653,0.25051248557912126,0.1304699318954087,0.7582941036067179,0.4880245257712207,0.34811994964713466,0.7044784752771528,0.4109457998879984,3.2308043957334744
239,0.2951440698534415,0.25051248557912126,0.1304699318954087,0.7582941036067179,0.5106342211151566,0.34811994964713466,0.7044784752771528,0.8365606978026427,3.068052935133617
240,0.27441391786317304,0.25051248557912126,0.1304699318954087,0.7582941036067179,0.5502969917608741,0.34811994964713466,0.6859109239463715,0.5614954088429536,3.2386784521643803
241,0.17281720028154532,0.25051248557912126,0.1304699318954087,0.7582941036067179,0.6049051542441083,0.34811994964713466,0.6859109239463715,0.20208598506412262,3.3032169733019514
242,0.14915417658654403,0.25051248557912126,0.1304699318954087,0.7582941036067179,0.5606438014945395,0.34811994964713466,0.650403704666237,0.14276170503858018,3.2347491740244907
243,0.06313655964027218,0.25051248557912126,0.1304699318954087,0.7582941036067179,0.5512550296991764,0.34811994964713466,0.650403704666237,0.08650113194891614,3.250374491927572
244,0.060832547906146735,0.25051248557912126,0.1304699318954087,0.7582941036067179,0.650699367694961,0.34811994964713466,0.771472556287953,0.05681209221996484,3.4210000089583352
245,0.06121680547690658,0.25051248557912126,0.1304699318954087,0.7582941036067179,0.9001724468288951,0.34811994964713466,0.771472556287953,0.0794875301878618,3.7796338173824005
246,0.17317276283193142,0.1471860771472741,0.020631332772130608,0.48980526768081595,0.4880245257712207,0.3153051526936273,0.795390907298181,0.3781687095633568,3.131136910560194
247,0.26543756303725113,0.1471860771472741,0.020631332772130608,0.48980526768081595,0.44357156543399145,0.3153051526936273,0.795390907298181,0.2226046604013234,3.086486636822455
248,0.04460060820284458,0.1524839116600951,0.026472211361191017,0.43409583509452837,0.745928338762215,0.14897135186707855,0.5588524778112003,0.4031020017031109,3.8066624897703196
249,0.21590684004351754,0.16302157168951398,0.6220819562818558,0.06012099243757092,0.7227438206552984,0.19779817917373507,0.09617889535127383,1.0,3.6109179126442243
250,0.18485743496331877,0.16302157168951398,0.6220819562818558,0.06012099243757092,0.6286644951140069,0.19779817917373507,0.11036746934717535,1.0,3.4372078191851885
251,0.27673203273956115,0.16302157168951398,0.6220819562818558,0.06012099243757092,0.697834834259437,0.19779817917373507,0.12264641748625034,0.8580322281054673,3.5496173867804286
252,0.19749733608230702,0.16302157168951398,0.6220819562818558,0.06012099243757092,0.7585744395478063,0.19779817917373507,0.1259826313070121,0.9190228579946157,3.7864597824528
253,0.14951561841253302,0.16302157168951398,0.6220819562818558,0.06012099243757092,0.9268059015137001,0.19779817917373507,0.14376150676418856,0.9354306145162286,3.9080149840306073
254,0.33064048234216487,0.16302157168951398,0.6220819562818558,0.06012099243757092,0.7215941751293354,0.19779817917373507,0.11862549540672031,0.9585512221812531,3.4657359027997265
255,0.22656677324436636,0.16302157168951398,0.6220819562818558,0.06012099243757092,0.6984096570224186,0.19779817917373507,0.10053217761257414,0.9362073009634606,3.624340932976365
256,0.30491184610226246,0.16302157168951398,0.6220819562818558,0.06012099243757092,0.3830235677332824,0.19779817917373507,0.10742147850065208,0.693221358359797,3.169685580677429
257,0.4392850455255211,0.16302157168951398,0.6220819562818558,0.06012099243757092,0.661621000191608,0.19779817917373507,0.12515231012884115,0.8808035357641254,3.456316680883235
258,0.04654258593703021,0.16302157168951398,0.4760669326764032,0.06012099243757092,0.7489940601647825,0.19779817917373507,0.21148321968236475,0.5963087674240205,3.7954891891721947
259,0.40518284926554343,0.2990926660241829,0.21729455369676912,0.712197689017264,0.45200229929105207,0.0958600154075161,0.32540281139593513,0.6812257436598448,3.077312260546414
260,0.3853715782690089,0.2990926660241829,0.21729455369676912,0.712197689017264,0.43973941368078207,0.0958600154075161,0.37802176692813755,0.48924236138601723,3.0955776085237074
261,0.17388362514781103,0.2990926660241829,0.21729455369676912,0.712197689017264,0.5133167273424032,0.0958600154075161,0.37802176692813755,0.1865031688596017,3.265759410767051
262,0.21383449823510753,0.2990926660241829,0.21729455369676912,0.712197689017264,0.5704157884652236,0.0958600154075161,0.32540281139593513,0.6550452059416124,3.2347491740244907
263,0.17352823777296578,0.2990926660241829,0.21729455369676912,0.712197689017264,0.7913393370377472,0.0958600154075161,0.37169425796541156,0.5884251683481873,3.5890591188317256
264,0.060832547906146735,0.27500704749986976,0.17321957935474577,0.6153361497646752,0.6125694577505273,0.17359131864008212,0.3420798665733693,0.3884208295857666,3.5085558999826545
265,0.03953919819926772,0.27500704749986976,0.17321957935474577,0.6153361497646752,0.6309637861659326,0.17359131864008212,0.36159390561347743,0.49663269242869684,3.4965075614664802
266,0.15456631888798011,0.27500704749986976,0.17321957935474577,0.6153361497646752,0.7100977198697073,0.17359131864008212,0.41376024181913634,0.5604882918450642,3.5322256440685598
267,0.08484308429083064,0.27500704749986976,0.17321957935474577,0.6153361497646752,0.6255987737114393,0.17359131864008212,0.42119120664447934,0.3269709324871402,3.529297384289471
268,0.1950482351458532,0.27500704749986976,0.17321957935474577,0.6153361497646752,0.5596857635562372,0.17359131864008212,0.34855893078920264,0.37931143836836,3.40452517175483
269,0.11068979866061698,0.13215028925572814,0.1623851119721709,0.3157758679057672,0.6229162674841927,0.07771266869725668,0.3444702768238671,0.38045326275791075,3.586292865338835
270,0.06964468151544516,0.13215028925572814,0.1623851119721709,0.3157758679057672,0.8160567158459481,0.07771266869725668,0.4046157463040941,0.7087589274159897,3.8372994592322094
271,0.10100474523071522,0.13215028925572814,0.1623851119721709,0.3157758679057672,0.6528070511592262,0.07771266869725668,0.45815525705697197,0.43642207490313734,3.594568774642695
272,0.04070879294584653,0.13215028925572814,0.1623851119721709,0.3157758679057672,0.7825253880053652,0.07771266869725668,0.4550174648977418,0.5675233913211056,3.8501476017100584
273,0.21797620933098155,0.11449042186785947,0.04385428958942754,0.3642743855969573,0.6757999616784828,0.24734776859315225,0.6429069900350121,0.24409066041254535,3.502549875922443
274,0.23101373243372594,0.07850863199975942,0.011825435396789602,0.3642743855969573,0.5541291435140835,0.28172656071885005,0.6429069900350121,0.37702507490902765,3.1354942159291497
275,0.3832217395984427,0.05349754849262484,0.0,0.6742298388182434,0.5114006514657984,0.14150268096322846,0.7854400690814023,0.3724414490013155,3.0492730404820207
276,0.1932963283842605,0.22605176392204368,0.05818107108852927,0.5115003387801352,0.5073768921249283,0.2657850168498286,0.643739083791154,0.37014416341894213,3.186352633162641
277,0.20933418612003132,0.22605176392204368,0.05818107108852927,0.5115003387801352,0.5276872964169385,0.2657850168498286,0.643739083791154,0.5258211599562442,3.148453360571655
278,0.2740824543256119,0.22605176392204368,0.05818107108852927,0.5115003387801352,0.5755891933320564,0.2657850168498286,0.643739083791154,0.27019787508202286,3.250374491927572
279,0.053125825301474444,0.209048949981017,0.07518749639421907,0.7673392432097248,0.6323050392795558,0.15145234137083352,0.44587137332787247,0.330519999568211,3.3843902633457743
280,0.06198501371704345,0.209048949981017,0.07518749639421907,0.7673392432097248,0.6872964169381112,0.15145234137083352,0.44587137332787247,0.3281549252010198,3.6454498961866
281,0.10511020536758361,0.209048949981017,0.07518749639421907,0.7673392432097248,0.5880436865299868,0.15145234137083352,0.44587137332787247,0.2763448594171722,3.3638415951183864
282,0.24291862762560995,0.5735181567950987,0.14664985895084318,0.44541114832236256,0.49166506993676984,0.25659584539516805,0.4826015553230763,0.21366362666103733,3.214867803470662
283,0.30328846904238527,0.5735181567950987,0.14664985895084318,0.44541114832236256,0.4690553745928342,0.25659584539516805,0.4826015553230763,0.49135775038802254,3.122364924487357
284,0.1624675810820571,0.5735181567950987,0.14664985895084318,0.44541114832236256,0.5972408507376895,0.25659584539516805,0.5249762263208337,0.3678432139026683,3.3877743613300146
285,0.20203466546196,0.5735181567950987,0.14664985895084318,0.44541114832236256,0.5725234719294888,0.25659584539516805,0.5249762263208337,0.5804982525765584,3.3357695763397
286,0.4699974023608307,0.5735181567950987,0.14664985895084318,0.44541114832236256,0.4270933128951909,0.25659584539516805,0.5574169646750766,0.6484251580843532,3.0587070727153796
287,0.11513798833316244,0.07800251200127313,0.04385428958942754,0.30339214344993476,0.5334355240467524,0.40744616607341944,0.6860170065641836,0.235282202795286,3.157000421150113
288,0.10660020812423471,0.07800251200127313,0.04385428958942754,0.30339214344993476,0.6667944050584408,0.40744616607341944,0.6860170065641836,0.10181207685931598,3.4011973816621555
289,0.15528640627048088,0.07800251200127313,0.04385428958942754,0.30339214344993476,0.6342211151561606,0.40744616607341944,0.6860170065641836,0.5442780646638051,3.250374491927572
290,0.27375091461580187,0.2608063049416766,0.13588342808177303,0.45663840374561676,0.5803793830235681,0.34595536553381184,0.48156768194907307,0.47113520919112484,3.1354942159291497
291,0.24596407389969738,0.2608063049416766,0.13588342808177303,0.45663840374561676,0.5621766621958232,0.34595536553381184,0.48156768194907307,0.21366362666103733,3.3105430133940246
292,0.11106100541446966,0.2608063049416766,0.13588342808177303,0.45663840374561676,0.6554895573864729,0.34595536553381184,0.48156768194907307,0.20466683555720172,3.529297384289471
293,0.18591500009868306,0.07496205768122204,0.23757882515112386,0.6933386617659479,0.7041578846522322,0.09328147130573979,0.3363100334385578,0.4786186385573449,3.6136169696133895
294,0.2547260889340456,0.07496205768122204,0.23757882515112386,0.6933386617659479,0.5853611803027402,0.09328147130573979,0.26686922730230883,0.6493727410681,3.380994674344636
295,0.16961318776958256,0.07496205768122204,0.23757882515112386,0.6933386617659479,0.7394136807817594,0.09328147130573979,0.23701572594325337,0.7745088725431839,3.5380565643793527
296,0.20690511391992011,0.07496205768122204,0.23757882515112386,0.6933386617659479,0.6300057482276301,0.09328147130573979,0.2462869703388848,0.7605443832034117,3.374168709274236
297,0.0991347578776691,0.4214352704769944,0.4083428467048355,0.6933386617659479,0.5890017244682891,0.2907575450812907,0.2611295975174854,0.8637588391324247,3.169685580677429
298,0.2892515019302405,0.4214352704769944,0.4083428467048355,0.6933386617659479,0.4619658938493968,0.2907575450812907,0.23738326744106533,0.8156091962569472,3.0587070727153796
299,0.3742809788143936,0.4214352704769944,0.4083428467048355,0.6933386617659479,0.27054991377658566,0.2907575450812907,0.17094132944710047,0.44299472882662355,2.8390784635086144
300,0.1520431788854018,0.4214352704769944,0.4083428467048355,0.6933386617659479,0.4907070319984673,0.2907575450812907,0.18497111504913252,0.5982729543045343,3.139832617527748
301,0.34554481688223604,0.4214352704769944,0.4083428467048355,0.6933386617659479,0.4717378808200806,0.2907575450812907,0.2071683597854943,0.926859352226582,3.0155349008501706
302,0.21969841920589175,0.4214352704769944,0.4083428467048355,0.6933386617659479,0.5182985246215753,0.2907575450812907,0.2551250601788098,0.8662061595511674,3.1179499062782403
303,0.26643769828762676,0.4214352704769944,0.4083428467048355,0.6933386617659479,0.5759724085073773,0.2907575450812907,0.2919951979996661,0.9024263474639207,3.2108436531709366
304,0.3385874840434621,0.4214352704769944,0.4083428467048355,0.6933386617659479,0.41080666794405085,0.2907575450812907,0.32828113745266685,0.8240263440588688,2.8449093838194073
305,0.5403178221233073,0.4214352704769944,0.4083428467048355,0.6933386617659479,0.4508526537650893,0.2907575450812907,0.3338748059251796,0.8694628088818717,2.9338568698359033
306,0.47288857575505305,0.4214352704769944,0.4083428467048355,0.6933386617659479,0.42556045219390704,0.2907575450812907,0.3373183041764686,0.7727706855366708,3.0349529867072724
307,0.30198845089549636,0.4214352704769944,0.4083428467048355,0.6933386617659479,0.5405250047901898,0.2907575450812907,0.2844913909017488,0.7330973778585881,3.1822118404966093
308,0.3770616318580979,0.4214352704769944,0.4083428467048355,0.6933386617659479,0.4889825637095232,0.2907575450812907,0.3342184845202201,0.6559884521608218,3.091042453358316
309,0.19539836135577188,0.317218298316951,0.2895066171949849,0.8029631529404464,0.5489557386472507,0.251979217324798,0.38923155936578985,0.5933574638904179,3.2108436531709366
310,0.18379909401289377,0.317218298316951,0.2895066171949849,0.8029631529404464,0.5393753592642273,0.251979217324798,0.38923155936578985,0.6129197302689359,3.1822118404966093
311,0.2127972099644981,0.317218298316951,0.2895066171949849,0.8029631529404464,0.4751868173979693,0.251979217324798,0.40723155078155737,0.5695271347555553,3.0633909220278057
312,0.3461756411340396,0.317218298316951,0.2895066171949849,0.8029631529404464,0.4113814907070322,0.251979217324798,0.40723155078155737,0.7952053906500284,2.970414465569701
313,0.1570850538552678,0.317218298316951,0.2895066171949849,0.8029631529404464,0.5468480551829856,0.251979217324798,0.40723155078155737,0.46791610400825007,3.258096538021482
314,0.11920348236456316,0.317218298316951,0.2895066171949849,0.8029631529404464,0.5499137765855532,0.251979217324798,0.4744231396631236,0.1654607532977146,3.242592351485517
315,0.15816316702604447,0.317218298316951,0.2895066171949849,0.8029631529404464,0.5271124736539571,0.251979217324798,0.4744231396631236,0.3422875610652651,3.1780538303479458
316,0.37891242754603927,0.317218298316951,0.2895066171949849,0.8029631529404464,0.483234336079709,0.251979217324798,0.4744231396631236,0.5060792560947882,3.144152278672264
317,0.2892515019302405,0.1277555471983727,0.20704445700301194,0.5434432312828891,0.4420387047327078,0.5496597659654832,0.45527601668712003,0.30549120507668864,3.0106208860477417
318,0.2002912271339095,0.1277555471983727,0.20704445700301194,0.5434432312828891,0.5311362329948269,0.5496597659654832,0.45527601668712003,0.1982060319208395,3.1612467120315646
319,0.2600917670517329,0.1277555471983727,0.20704445700301194,0.5434432312828891,0.49492239892699785,0.5496597659654832,0.517035185341877,0.38045326275791075,3.0349529867072724
320,0.36777186994083894,0.2594677908136015,0.1490612728966034,0.5434432312828891,0.4109982755317113,0.2907575450812907,0.5857455886150337,0.33641577827158925,2.89591193827178
321,0.21728674932221384,0.2594677908136015,0.1490612728966034,0.5434432312828891,0.4732707415213645,0.2907575450812907,0.5857455886150337,0.27511755603316984,3.0155349008501706
322,0.1411794600751054,0.22010060982845833,0.3419740370891206,0.8548020844600644,0.5278789040045989,0.09843395907134253,0.5697106409448965,0.44626986085948456,3.144152278672264
323,0.17955794924108626,0.22010060982845833,0.3419740370891206,0.8548020844600644,0.5267292584786359,0.09843395907134253,0.5697106409448965,0.45062516995100116,3.077312260546414
324,0.22348005974831833,0.22010060982845833,0.3419740370891206,0.8548020844600644,0.47442038704732725,0.09843395907134253,0.5272461991131747,0.4064688528015095,3.0955776085237074
325,0.28366411239822314,0.22010060982845833,0.3419740370891206,0.8548020844600644,0.442230312320368,0.09843395907134253,0.4568550493829459,0.5330269296890963,3.0204248861443626
326,0.3084768586879268,0.22010060982845833,0.3419740370891206,0.8548020844600644,0.4472121095995404,0.09843395907134253,0.49311428587460804,0.6635123025426342,2.970414465569701
327,0.24054549460637706,0.22010060982845833,0.3419740370891206,0.8548020844600644,0.4786357539758578,0.09843395907134253,0.41622180969100675,0.4375195987604724,3.0726933146901194
328,0.281686914682326,0.22010060982845833,0.3419740370891206,0.8548020844600644,0.464456792488983,0.09843395907134253,0.41622180969100675,0.52375574079046,2.995732273553991
329,0.2667709226893597,0.22010060982845833,0.3419740370891206,0.8548020844600644,0.46119946349875474,0.09843395907134253,0.41622180969100675,0.6531568613776592,2.9806186357439426
330,0.1342565510271001,0.04108719204319933,0.1599958841985806,0.38792565366160253,0.7051159225905347,0.24502645668303114,0.6200777465030372,0.5635075361438578,3.517497837358316
331,0.24528786341584394,0.06017551502939868,0.3489830956084837,0.43409583509452837,0.5707990036405445,0.534533073878016,0.5526722964629811,0.6644500309090179,2.8622008809294686
332,0.19469802394352928,0.1539254055760785,0.2674803108649858,0.6153361497646752,0.600689787315578,0.43214340327194856,0.5039953786269845,0.633178569252736,3.214867803470662
333,0.10175206202592277,0.1539254055760785,0.2674803108649858,0.6153361497646752,0.6347959379191418,0.43214340327194856,0.5703296563816369,0.3328812031081944,3.4719664525503626
334,0.30750545586306216,0.18292766663995058,0.1599958841985806,0.730813367184611,0.4700134125311365,0.394937171166841,0.701098994040474,0.5554421340565713,2.917770732084279
335,0.37520845878262055,0.18292766663995058,0.1599958841985806,0.730813367184611,0.44778693236252176,0.394937171166841,0.701098994040474,0.5933574638904179,2.9014215940827497
336,0.1656874845557825,0.17158640909260456,0.1250360458447805,0.6450834931587268,0.5662004215366933,0.3928417531646476,0.7426231314035208,0.3281549252010198,3.1822118404966093
337,0.15240389773735952,0.06631247589298211,0.1412766868519915,0.5539356051005316,0.5890017244682891,0.2357036776119676,0.7275352343125383,0.3516329867214093,3.2386784521643803
338,0.1487926441849806,0.026996732378017328,0.1250360458447805,0.8117333625681784,0.6472504311170727,0.35889442124131,0.762632097883815,0.4064688528015095,3.3178157727231046
339,0.1520431788854018,0.026996732378017328,0.1250360458447805,0.8117333625681784,0.5612186242575209,0.35889442124131,0.762632097883815,0.5133840567180215,3.173878458937465
340,0.1342565510271001,0.049888875792359205,0.07518749639421907,0.6838158876474416,0.5782716995593028,0.5134714583501864,0.9039109790556802,0.4220777612986032,3.2228678461377385
341,0.21590684004351754,0.049888875792359205,0.07518749639421907,0.6838158876474416,0.44510442613527534,0.5134714583501864,0.9039109790556802,0.21494431475302883,2.975529566236472
342,0.09763702087225805,0.06682271287120559,0.07236697733184033,0.5539356051005316,0.6068212301207131,0.0,1.0,0.4242938831489423,3.4372078191851885
343,0.22485274780705183,0.061200156436737436,0.08081204558809715,1.0,0.40275914926231116,0.35674595466273323,0.8951423950957021,0.2578247714463742,2.9549102790337356
344,0.13717551012278453,0.061200156436737436,0.08081204558809715,1.0,0.4550680206936196,0.35674595466273323,0.8951423950957021,0.22768905347305565,3.0726933146901194
345,0.5200545283593224,0.7162999582235167,0.8417164049930836,0.8548020844600644,0.5079517148879099,0.9366828890747303,0.12386376475852123,0.980554360316988,2.9338568698359033
346,0.3936339332528049,0.7162999582235167,0.8417164049930836,0.8548020844600644,0.543015903429776,0.9366828890747303,0.16928450751450252,0.9315408978410441,3.122364924487357
347,0.3379533323669267,0.7162999582235167,0.8417164049930836,0.8548020844600644,0.49166506993676984,0.9366828890747303,0.1944555972193601,0.8710883809309138,3.1654750481410856
348,0.37520845878262055,0.7162999582235167,0.8417164049930836,0.8548020844600644,0.48879095612186274,0.9366828890747303,0.16973973971817755,0.8539278297727306,3.1612467120315646
349,0.21590684004351754,0.7162999582235167,0.8417164049930836,0.8548020844600644,0.5435907261927574,0.9366828890747303,0.17080138990554672,0.9079797583828585,3.258096538021482
350,0.42143704419259637,0.7162999582235167,0.8417164049930836,0.8548020844600644,0.5154244108066682,0.9366828890747303,0.14459306554106838,0.9323196806080735,3.039749158970765
351,0.2964502673540663,0.7162999582235167,0.8417164049930836,0.8548020844600644,0.3450852653765092,0.9366828890747303,0.12162112070449319,0.9714902778887513,3.0819099697950434
352,0.4348437027437464,0.7162999582235167,0.8417164049930836,0.8548020844600644,0.4295842115347771,0.9366828890747303,0.0974187723788675,0.9158763026777518,2.8791984572980396
353,0.12693321022124127,0.7162999582235167,0.7529071380352276,0.8548020844600644,1.0,0.9366828890747303,0.0974187723788675,0.867021011332722,3.131136910560194
354,0.19259496957565453,0.7162999582235167,0.7529071380352276,0.8548020844600644,0.0,0.9366828890747303,0.061198688455403515,0.9071877215576462,3.349904087274605
355,0.41573883373386683,0.7162999582235167,0.7529071380352276,0.8548020844600644,0.2686338378999811,0.9366828890747303,0.07859591105573001,0.9346535097083799,3.131136910560194
356,0.3954636038098872,0.7162999582235167,0.5908873346782615,0.8548020844600644,0.05786549147346243,0.9366828890747303,0.04823072624745809,1.0,3.1822118404966093
357,0.9343930136020634,0.7162999582235167,0.6620272843560455,0.8548020844600644,0.25771220540333406,0.9366828890747303,0.004875346934971857,1.0,2.6946271807700692
358,1.0,0.7162999582235167,0.6620272843560455,0.8548020844600644,0.11055757808009203,0.9366828890747303,0.0,1.0,2.6946271807700692
359,0.39881198498374415,0.7162999582235167,0.6676445336622995,0.8548020844600644,0.7189116689020888,0.9366828890747303,0.023348439798941273,0.9843143182463349,2.772588722239781
360,0.6696795909469411,0.7162999582235167,0.6676445336622995,0.8548020844600644,0.5916842306955358,0.9366828890747303,0.027038033977503765,0.9493473948514133,2.7013612129514133
361,0.6183783622414288,0.7162999582235167,0.6676445336622995,0.8548020844600644,0.6194673309063042,0.9366828890747303,0.028724877205896372,0.9910576467362504,2.6602595372658615
362,0.6809752166081172,0.7162999582235167,0.6676445336622995,0.8548020844600644,0.5401417896148691,0.9366828890747303,0.03233658117813657,0.9714902778887513,2.6461747973841225
363,0.6324104491233484,0.7162999582235167,0.6676445336622995,0.8548020844600644,0.510059398352175,0.9366828890747303,0.03233658117813657,1.0,2.4159137783010487
364,0.5091111506727408,0.7162999582235167,0.6676445336622995,0.8548020844600644,0.6528070511592262,0.9366828890747303,0.03623374977119861,0.9385348546399593,2.4336133554004498
365,0.6141943606403628,0.7162999582235167,0.6676445336622995,0.8548020844600644,0.5717570415788468,0.9366828890747303,0.04932219641156189,0.9932984367920433,2.4765384001174837
366,0.6787231555545024,0.7162999582235167,0.7208459288029291,0.8548020844600644,0.37842498562943117,0.9366828890747303,0.05706564715988261,1.0,2.509599262378372
367,0.7025657921847898,0.7162999582235167,0.7208459288029291,0.8548020844600644,0.3753592642268636,0.9366828890747303,0.05108457275340614,1.0,2.5877640352277083
368,0.8448310958270672,0.7162999582235167,0.7208459288029291,0.8548020844600644,0.15462732324200057,0.9366828890747303,0.039175285823301605,0.9330980432063386,2.2823823856765264
369,0.848842918393113,0.7162999582235167,0.7208459288029291,0.8548020844600644,0.3287986204253691,0.9366828890747303,0.037462250651950454,0.9858155619207049,2.1041341542702074
370,0.7914044701616928,0.7162999582235167,0.7208459288029291,0.8548020844600644,0.2090438781375744,0.9366828890747303,0.04270997561869582,1.0,2.4423470353692043
371,0.8748699222084505,0.7162999582235167,0.7208459288029291,0.8548020844600644,0.2757233186434185,0.9366828890747303,0.0492206991304078,0.9198084256921571,2.128231705849268
372,0.8446078893532115,0.7162999582235167,0.7208459288029291,0.8548020844600644,0.2527304081241618,0.9366828890747303,0.05821350140752105,1.0,2.4159137783010487
373,0.6081585199235499,0.7162999582235167,0.7208459288029291,0.8548020844600644,0.35045027783100224,0.9366828890747303,0.07558425435210714,0.9918049635314581,2.5257286443082556
374,0.5062917340222669,0.7162999582235167,0.7208459288029291,0.8548020844600644,0.4123395286453345,0.9366828890747303,0.10009131602527818,0.9775393225615563,2.7788192719904172
375,0.5521218812683897,0.7162999582235167,0.7208459288029291,0.8548020844600644,0.4771028932745739,0.9366828890747303,0.12934715488657011,0.8637588391324247,3.186352633162641
376,0.7298931515250756,0.7162999582235167,0.7208459288029291,0.8548020844600644,0.2826211917991953,0.9366828890747303,0.08079467777993524,0.9775393225615563,2.3702437414678603
377,0.4504756326713548,0.7162999582235167,0.7081826935371768,0.8548020844600644,0.5043111707223608,0.9366828890747303,0.08342382592888252,0.9439512542904696,2.6946271807700692
378,0.48468218079428904,0.7162999582235167,0.7081826935371768,0.8548020844600644,0.4456792488982565,0.9366828890747303,0.08229586335937729,0.9600795009691775,2.617395832834079
379,0.5065739237622158,0.7162999582235167,0.7081826935371768,0.8548020844600644,0.557578080091972,0.9366828890747303,0.0752852347042386,0.9910576467362504,2.6461747973841225
380,0.5687032032172389,0.7162999582235167,0.7081826935371768,0.8548020844600644,0.5449319793063808,0.9366828890747303,0.06917917452370832,0.9699740454413712,2.6026896854443837
381,0.5834919315858326,0.7162999582235167,0.7081826935371768,0.8548020844600644,0.41885418662579055,0.9366828890747303,0.06373815823969103,0.9918049635314581,2.2512917986064953
382,0.8439380626565598,0.7162999582235167,0.7081826935371768,0.8548020844600644,0.362521555853612,0.9366828890747303,0.04556203321699692,1.0,1.791759469228055
383,0.8300248901909464,0.7162999582235167,0.7081826935371768,0.8548020844600644,0.43897298333014023,0.9366828890747303,0.04693512047126039,0.8248653641702679,1.9878743481543455
384,0.7560005725975667,0.7162999582235167,0.7081826935371768,0.8548020844600644,0.4648400076643039,0.9366828890747303,0.058125237343427394,1.0,1.8870696490323797
385,0.5941529447465966,0.7162999582235167,0.7081826935371768,0.8548020844600644,0.5330523088714315,0.9366828890747303,0.05627044350383468,1.0,2.1041341542702074
386,0.5938873773200042,0.7162999582235167,0.7081826935371768,0.8548020844600644,0.5447403717187204,0.9366828890747303,0.06444137900347975,1.0,2.5726122302071057
387,0.5794736529481455,0.7162999582235167,0.7081826935371768,0.8548020844600644,0.342594366736923,0.9366828890747303,0.07242896762595431,0.9699740454413712,2.2300144001592104
388,0.7704075675776096,0.7162999582235167,0.7081826935371768,0.8548020844600644,0.37746694769112865,0.9366828890747303,0.06046870700098749,0.8872441493219547,2.2512917986064953
389,0.6631126904168637,0.7162999582235167,0.7081826935371768,0.8548020844600644,0.4065913010155203,0.9366828890747303,0.037372707812507594,1.0,1.791759469228055
390,0.6721973839784599,0.7162999582235167,0.645043104725167,0.8548020844600644,0.11055757808009203,0.9366828890747303,0.005385519142640061,1.0,2.5572273113676265
391,0.3584219017582552,0.7162999582235167,0.645043104725167,0.8548020844600644,0.39222073194098506,0.9366828890747303,0.0193255904193023,1.0,3.3638415951183864
392,0.7471912843118315,0.7162999582235167,0.5222707226038712,0.8548020844600644,0.3939452002299294,0.9366828890747303,0.04111597115094479,0.9843143182463349,2.9014215940827497
393,0.5797418866648034,0.7162999582235167,0.5222707226038712,0.8548020844600644,0.6305805709906117,0.9366828890747303,0.04249329445637616,1.0,3.349904087274605
394,0.2938366886666551,0.7162999582235167,0.5222707226038712,0.8548020844600644,0.42077026250239535,0.9366828890747303,0.03578559847574368,1.0,2.772588722239781
395,0.617856025146335,0.7162999582235167,0.5222707226038712,0.8548020844600644,0.5932170913968197,0.9366828890747303,0.05037480956755295,1.0,2.9014215940827497
396,0.9259783205086668,0.7162999582235167,0.5222707226038712,0.8548020844600644,0.20444529603372308,0.9366828890747303,0.05371778310626116,1.0,2.9391619220655967
397,0.5877657952287703,0.7162999582235167,0.5222707226038712,0.8548020844600644,0.3054224947307915,0.9366828890747303,0.05820089258611473,1.0,2.8507065015037334
398,0.9800197115590915,0.7162999582235167,0.7081826935371768,0.8548020844600644,0.18356006897873167,0.9366828890747303,0.06684982264957794,1.0,2.0794415416798357
399,0.809129067758607,0.7162999582235167,0.6825178101438298,0.8548020844600644,0.5504885993485346,0.9366828890747303,0.08880358470368545,1.0,2.1041341542702074
400,0.7325493821607397,0.7162999582235167,0.6825178101438298,0.8548020844600644,0.6171680398543785,0.9366828890747303,0.08692604029149956,0.9299820699844822,2.1400661634962708
401,0.7529115430831451,0.7162999582235167,0.6825178101438298,0.8548020844600644,0.33397202529220194,0.9366828890747303,0.06550811309270858,0.9166635851206932,2.4336133554004498
402,0.6020973207732669,0.7162999582235167,0.6825178101438298,0.8548020844600644,0.4590917800344897,0.9366828890747303,0.08483563467256361,1.0,2.2823823856765264
403,0.657024290140912,0.7162999582235167,0.7529071380352276,0.8548020844600644,0.6252155585361184,0.9366828890747303,0.08377071398771847,0.8139198576085459,2.2407096892759584
404,0.4460686593609578,0.7162999582235167,0.7529071380352276,0.8548020844600644,0.5460816248323436,0.9366828890747303,0.09178780020701434,1.0,2.8735646395797834
405,0.46594000101788047,0.7162999582235167,0.7529071380352276,0.8548020844600644,0.4684805518298528,0.9366828890747303,0.0937205446684399,0.9646546476392618,2.7212954278522306
406,0.4187406971574941,0.7162999582235167,0.5569869280599707,0.8548020844600644,0.39988503544740384,0.9366828890747303,0.10311341108142921,0.9048089987749146,3.0819099697950434
407,0.6709390367195396,0.7162999582235167,0.5569869280599707,0.8548020844600644,0.4870664878329184,0.9366828890747303,0.11171671978391774,0.8848322874491824,2.667228206581955
408,0.5077021310853139,0.7162999582235167,0.49514767424210804,0.8548020844600644,0.3839816056715849,0.9366828890747303,0.11677428062313872,0.763173041764026,2.5416019934645457
409,0.698372266842652,0.7162999582235167,0.6825178101438298,0.8548020844600644,0.44740371718720084,0.9366828890747303,0.09801991321236476,0.9654157634790669,2.2300144001592104
410,0.46564974952492094,0.7162999582235167,0.49514767424210804,0.8548020844600644,0.4360988695152329,0.9366828890747303,0.10877348563691824,0.6644500309090179,2.4159137783010487
411,0.43128075783947045,0.7162999582235167,0.6825178101438298,0.8548020844600644,0.5060356390113051,0.9366828890747303,0.09228046503700699,0.8323946682230895,2.4765384001174837
412,0.6256712936670027,0.7162999582235167,0.6825178101438298,0.8548020844600644,0.5043111707223608,0.9366828890747303,0.10120545612096805,0.8273795008057558,2.4849066497880004
413,0.6906937275958492,0.7162999582235167,0.6825178101438298,0.8548020844600644,0.5401417896148691,0.9366828890747303,0.10518972370129748,0.966936791601917,2.3513752571634776
414,0.5211722468276944,0.7162999582235167,0.49514767424210804,0.8548020844600644,0.534010346809734,0.9366828890747303,0.11546610911967349,0.8928561960131491,2.740840023925201
415,0.5773259859480474,0.7162999582235167,0.49514767424210804,0.8548020844600644,0.6269400268250626,0.9366828890747303,0.11976166615783135,0.9570213227368345,2.714694743820879
416,0.35529173120750285,0.7162999582235167,0.49514767424210804,0.8548020844600644,0.5487641310595902,0.9366828890747303,0.13325456122083815,0.7994800457503543,2.8390784635086144
417,0.4809531727471018,0.7162999582235167,0.7440724806604662,0.8548020844600644,0.5508718145238555,0.9366828890747303,0.14700187906399487,0.9071877215576462,2.72785282839839
418,0.4504756326713548,0.7162999582235167,0.7440724806604662,0.8548020844600644,0.5071852845372681,0.9366828890747303,0.13586159718378693,0.9623688879202029,2.5416019934645457
419,0.6704353903395288,0.7162999582235167,0.7911494866493632,0.8548020844600644,0.5878520789423264,0.9366828890747303,0.12416492981142477,0.9593155639426489,2.667228206581955
420,0.5325792094793848,0.7162999582235167,0.7911494866493632,0.8548020844600644,0.5556620042153674,0.9366828890747303,0.10938208419853494,0.9493473948514133,2.3608540011180215
421,0.7483848767029796,0.7162999582235167,0.7911494866493632,0.8548020844600644,0.4964552596282815,0.9366828890747303,0.09858402164735863,1.0,2.272125885509337
422,0.9185749868472065,0.7162999582235167,0.7911494866493632,0.8548020844600644,0.45487641310595917,0.9366828890747303,0.08706199726286849,0.9071877215576462,2.2407096892759584
423,0.6605789787700335,0.7162999582235167,0.7911494866493632,0.8548020844600644,0.395861276106534,0.9366828890747303,0.08664172521549535,0.9539566481040029,2.624668592163159
424,0.6409189066951716,0.7162999582235167,0.7911494866493632,0.8548020844600644,0.432458325349684,0.9366828890747303,0.09268678690696606,0.9424057854325665,2.4423470353692043
425,0.5727515503902664,0.7162999582235167,0.7911494866493632,0.8548020844600644,0.5451235868940413,0.9366828890747303,0.11696798296511726,0.9790476290668333,2.89591193827178
426,0.4915412826569449,0.7162999582235167,0.7911494866493632,0.8548020844600644,0.5092929680015331,0.9366828890747303,0.10964978625307709,1.0,2.9652730660692823
427,0.5545803227168423,0.7162999582235167,0.7911494866493632,0.8548020844600644,0.5602605863192186,0.9366828890747303,0.10643407844510823,1.0,2.797281334830153
428,0.6834733904633137,0.7162999582235167,0.7911494866493632,0.8548020844600644,0.43935619850546115,0.9366828890747303,0.09630170299213323,0.9745179705863192,2.468099531471619
429,0.6882080360076644,0.7162999582235167,0.7911494866493632,0.8548020844600644,0.5552787890400462,0.9366828890747303,0.10759207176396096,0.9608430336892427,2.5494451709255714
430,0.5253559956491887,0.7162999582235167,0.7911494866493632,0.8548020844600644,0.5326690936961106,0.9366828890747303,0.11780302652755921,0.9730049184907497,2.766319109226186
431,0.48725816706899205,0.7162999582235167,0.7911494866493632,0.8548020844600644,0.5154244108066682,0.9366828890747303,0.13296726000112835,0.9745179705863192,2.6100697927420065
432,0.5347944806108288,0.7162999582235167,0.7440724806604662,0.8548020844600644,0.5027783100210771,0.9366828890747303,0.140561477697216,0.9903099426299113,2.714694743820879
433,0.5670806781642457,0.7162999582235167,0.7440724806604662,0.8548020844600644,0.5472312703583065,0.9366828890747303,0.13141004999179268,0.9873152450504338,2.639057329615259
434,0.5155749748566033,0.7162999582235167,0.7440724806604662,0.8548020844600644,0.6108449894615829,0.9366828890747303,0.14792636450656096,0.9439512542904696,2.667228206581955
435,0.5236839517600135,0.7162999582235167,0.7440724806604662,0.8548020844600644,0.5928338762214987,0.9366828890747303,0.15166566591273586,0.9865655983508498,2.785011242238338
436,0.5108001596940135,0.7162999582235167,0.7440724806604662,0.8548020844600644,0.5242383598390498,0.9366828890747303,0.15320117681824308,0.9377594205762014,2.8390784635086144
437,0.4958117200351733,0.7162999582235167,0.7440724806604662,0.8548020844600644,0.7342402759149264,0.9366828890747303,0.16314235845243524,0.9947903656125805,2.9338568698359033
438,0.5507542680833242,0.7162999582235167,0.7440724806604662,0.8548020844600644,0.6068212301207131,0.9366828890747303,0.16822174008548382,0.9554897991950358,2.766319109226186
439,0.5347944806108288,0.7162999582235167,0.7440724806604662,0.8548020844600644,0.5679248898256374,0.9366828890747303,0.1611595947117119,0.8960533054454073,2.714694743820879
440,0.5589405679425313,0.7162999582235167,0.7440724806604662,0.8548020844600644,0.4627323242000386,0.9366828890747303,0.17806030672249834,0.9071877215576462,2.617395832834079
441,0.5014860441284487,0.7162999582235167,0.7440724806604662,0.8548020844600644,0.4550680206936196,0.9366828890747303,0.20092306496185564,0.8456838356778221,2.6741486494265287
442,0.48124036196689945,0.7162999582235167,0.7440724806604662,0.8548020844600644,0.5250047901896918,0.9366828890747303,0.2013684240389354,0.8735233098479676,2.766319109226186
443,0.4366218809157206,0.7162999582235167,0.7440724806604662,0.8548020844600644,0.4828511209043881,0.9366828890747303,0.19385890168147876,0.8791888797020305,3.044522437723423
444,0.48668612303259606,0.7162999582235167,0.7440724806604662,0.8548020844600644,0.6016478252538803,0.9366828890747303,0.18001999421641432,0.9237298606721434,2.856470206220483
445,0.4351402180137016,0.7162999582235167,0.7440724806604662,0.8548020844600644,0.5393753592642273,0.9366828890747303,0.17649296112482787,0.9111435645650298,2.928523523860541
446,0.4154383035711533,0.7162999582235167,0.7440724806604662,0.8548020844600644,0.5280705115922594,0.9366828890747303,0.1957972605300467,0.8678354031358259,3.0204248861443626
447,0.29971059651765314,0.7162999582235167,0.7440724806604662,0.8548020844600644,0.5656255987737117,0.9366828890747303,0.20347915394219718,0.9229464259307142,3.054001181677967
448,0.3921074332258377,0.7162999582235167,0.6374299206152919,0.8548020844600644,0.5073768921249283,0.9366828890747303,0.22180904775462362,0.7169174508031535,3.109060958860994
449,0.41964003954976936,0.7162999582235167,0.6374299206152919,0.8548020844600644,0.42115347767771627,0.9366828890747303,0.23336865393046705,0.5524059455472056,3.039749158970765
450,0.5074201619569094,0.7162999582235167,0.6374299206152919,0.8548020844600644,0.4581337420961872,0.9366828890747303,0.21142652891312205,0.881610186632716,2.995732273553991
451,0.6204658215180968,0.7162999582235167,0.49514767424210804,0.8548020844600644,0.46790572906687145,0.9366828890747303,0.17337643534486202,0.9585512221812531,3.0007198150650303
452,0.5347944806108288,0.7162999582235167,0.48669848440629015,0.8548020844600644,0.45315194481701504,0.9366828890747303,0.215604334924593,0.766670486000253,3.0007198150650303
453,0.4383978701111401,0.7162999582235167,0.48669848440629015,0.8548020844600644,0.4123395286453345,0.9366828890747303,0.2059965791991951,0.636049605107491,3.0492730404820207
454,0.4829622977681619,0.7162999582235167,0.48669848440629015,0.8548020844600644,0.4993293734431886,0.9366828890747303,0.22966755591859375,0.8759541361027298,3.039749158970765
455,0.3813764674975203,0.7162999582235167,0.3812491858225605,0.8548020844600644,0.5112090438781379,0.9366828890747303,0.23702686494022976,0.9292020239850037,3.0252910757955354
456,0.4265164355211351,0.7162999582235167,0.48669848440629015,0.8548020844600644,0.5510634221115159,0.9366828890747303,0.2142583420173777,0.8011863677007574,3.186352633162641
457,0.3436506874536266,0.7162999582235167,0.5569869280599707,0.8548020844600644,0.6551063422111519,0.9366828890747303,0.17251471466943125,0.7366684070107854,3.427514689979529
458,0.5350711504824005,0.7162999582235167,0.49514767424210804,0.8548020844600644,0.35753975857443965,0.9366828890747303,0.16045499894136914,0.9654157634790669,2.6946271807700692
459,0.6911903523996824,0.7162999582235167,0.49514767424210804,0.8548020844600644,0.4983713355048863,0.9366828890747303,0.13392470831924363,0.980554360316988,2.6602595372658615
460,0.54993307744875,0.7162999582235167,0.5569869280599707,0.8548020844600644,0.5600689787315581,0.9366828890747303,0.145756443184829,0.9516538622345823,2.8735646395797834
461,0.7111613281111218,0.7162999582235167,0.5569869280599707,0.8548020844600644,0.33397202529220194,0.9366828890747303,0.12127114679148898,0.979801191393127,2.5649493574615367
462,0.5320248597930679,0.7162999582235167,0.5569869280599707,0.8548020844600644,0.5027783100210771,0.9366828890747303,0.12967117668281056,0.9752739019847454,2.747270914255491
463,0.38874343690573315,0.7162999582235167,0.5569869280599707,0.8548020844600644,0.5112090438781379,0.9366828890747303,0.10311341108142921,0.9079797583828585,3.109060958860994
464,0.31429158011425357,0.7162999582235167,0.3812491858225605,0.8548020844600644,0.5136999425177239,0.9366828890747303,0.27277085303111565,0.7105759239293268,3.1780538303479458
465,0.21418009532404939,0.7162999582235167,0.3812491858225605,0.8548020844600644,0.6110365970492434,0.9366828890747303,0.2626842849345307,0.8003334589907909,3.2068032436339315
466,0.18873138955512442,0.7162999582235167,0.3812491858225605,0.8548020844600644,0.6706265568116502,0.9366828890747303,0.2712922695999291,0.8181395009819546,3.258096538021482
467,0.3039380390852764,0.7162999582235167,0.3812491858225605,0.8548020844600644,0.42172830044069765,0.9366828890747303,0.3442221068047537,0.47006297202479425,3.126760535960395
468,0.39576832343101975,0.7162999582235167,0.4930400112801169,0.8548020844600644,0.44261352749568916,0.9366828890747303,0.30498585496262326,0.48712386608480246,3.0726933146901194
469,0.30912409738917696,0.7162999582235167,0.4930400112801169,0.8548020844600644,0.5271124736539571,0.9366828890747303,0.3331559405589913,0.5894129773843061,3.100092288878234
470,0.44489118935812355,0.7162999582235167,0.4930400112801169,0.8548020844600644,0.48917417129718366,0.9366828890747303,0.2859349802265484,0.8415441053168984,3.0007198150650303
471,0.33700158189312024,0.7162999582235167,0.4930400112801169,0.8548020844600644,0.4491281854761452,0.9366828890747303,0.24291846425841215,0.6021933236758774,3.0726933146901194
472,0.532856304465522,1.0,0.5468627107862635,0.8462905846045471,0.36271316344127247,1.0,0.08709907421335703,0.9447233683259657,2.785011242238338
473,0.6879592311366692,1.0,0.5468627107862635,0.8462905846045471,0.35504885993485347,1.0,0.07898124793195242,0.9873152450504338,2.0794415416798357
474,0.8234707697018063,1.0,0.5468627107862635,0.8462905846045471,0.29354282429584233,1.0,0.08730915893604546,0.9850651353545582,2.2082744135228043
475,0.533133346240908,1.0,0.5468627107862635,0.8462905846045471,0.46407357731366183,1.0,0.09292067790061286,0.9910576467362504,2.681021528714291
476,0.39607297870422226,1.0,0.5468627107862635,0.8462905846045471,0.46407357731366183,1.0,0.12238111643731821,0.8719004806094859,3.0492730404820207
477,0.354664881299362,0.41303236338846694,0.49725226256703126,0.7673392432097248,0.41118988311937177,0.4743716386612459,0.15479401792824074,0.6100022468866416,3.126760535960395
478,0.4033654712705783,0.41303236338846694,0.49725226256703126,0.7673392432097248,0.45315194481701504,0.4743716386612459,0.15479401792824074,0.4945250294667057,3.2386784521643803
479,0.5200545283593224,0.41303236338846694,0.49725226256703126,0.7673392432097248,0.40410040237593436,0.4743716386612459,0.20313708313122203,0.34111511480740997,3.1822118404966093
480,0.6157647835540173,0.41303236338846694,0.49725226256703126,0.7673392432097248,0.35045027783100224,0.4743716386612459,0.20313708313122203,0.7831685326419957,3.0301337002713233
481,0.4187406971574941,0.41303236338846694,0.49725226256703126,0.7673392432097248,0.42785974324583276,0.4743716386612459,0.21382826449417808,0.763173041764026,2.9601050959108397
482,0.3829143581035356,0.41303236338846694,0.49725226256703126,0.7673392432097248,0.4709714504694388,0.4743716386612459,0.1580214986071011,0.7160132232330394,3.100092288878234
483,0.44842072027058205,0.41303236338846694,0.49725226256703126,0.7673392432097248,0.38474803602222674,0.4743716386612459,0.15693862392330227,0.788339488145154,2.917770732084279
484,0.42562137084085505,0.41303236338846694,0.49725226256703126,0.7673392432097248,0.47250431117072267,0.4743716386612459,0.16846706360422056,0.8407147318873949,2.8791984572980396
485,0.27937675399512496,0.5002355126843209,0.4717922775760775,0.9211445792887605,0.5809542057865494,0.21924243091279827,0.1661757535097156,0.7499815901425025,3.152736022363656
486,0.25975699618565506,0.5002355126843209,0.4717922775760775,0.9211445792887605,0.4903238168231464,0.21924243091279827,0.14364267351665308,0.8156091962569472,3.0726933146901194
487,0.13972476366661324,0.5002355126843209,0.4717922775760775,0.9211445792887605,0.6543399118605101,0.21924243091279827,0.12931114797215645,0.9315408978410441,3.214867803470662
488,0.16996954075173007,0.5002355126843209,0.4717922775760775,0.9211445792887605,0.6194673309063042,0.21924243091279827,0.15564281465592297,0.9182368623113827,3.1354942159291497
489,0.21900978194179577,0.5002355126843209,0.4717922775760775,0.9211445792887605,0.47307913393370404,0.21924243091279827,0.16926115840074388,0.8498117213004988,2.5572273113676265
