1.495826525507175431e+00,1.471381774820754051e+00,-2.485123725611702028e-01,1.926604902104308348e+00,-1.337271212926499364e-01,-5.423495744686608333e-01,1.153844221900453881e+00,1.552317963207095614e-02,2.092957809023746840e+00,9.043652829783906943e-01,9.706240415172534552e-01,5.350977334044139111e-01,-1.423178108237893591e-01,1.508868732220617126e+00,2.352389027642875607e+00,-1.734329527179611530e+00,6.684891368158643044e-01,5.350788178821213048e-01,1.704056918721105762e-01,-7.329987454567746807e-01
7.465805919132322277e-01,-8.714534051654767577e-01,1.906646956288943207e-01,-8.745721869372242718e-01,-7.850392533597353451e-01,1.782943621260275169e+00,1.259892308947713424e+00,-1.747072733013815382e+00,-3.278388546104789469e+00,-5.613819570098410594e-02,-1.376733473827959742e+00,-2.413162784363087177e+00,-1.435721382987361405e+00,-2.328090564105819382e+00,-4.460826009326534503e-01,3.267550520853684803e-01,-6.089979645557254129e-01,1.839407694386088477e-01,-2.115325722245888329e+00,-8.747898513068629311e-01
-1.100985255011978525e+00,2.583776642492260911e-01,1.577724654778155156e+00,9.786654034273588598e-01,-2.359028353981484083e-01,-1.010628050597130456e-01,4.652356389250260627e-01,-6.315217624776248151e-01,-4.649144512424747688e-01,-6.503404627057606247e-01,9.136027956091609115e-01,1.796893280848781860e+00,5.767003331632535312e-01,-5.049588753835809740e-02,-1.715906182186756890e-01,1.305468523603363407e+00,-1.284958349231744013e-01,-7.045843734501680000e-01,3.158061939927879536e+00,3.342246376989480572e-01
-1.410301203975741435e+00,8.906168779295331461e-01,4.527828714375924379e-01,5.588637705386865218e-01,-1.411957494595869278e+00,-1.346376323203518077e-01,1.338989760440397525e+00,-1.323940985830361017e+00,2.790015987562892708e-01,3.434655861394015908e-01,2.441316241959851085e-01,-1.897973523905358006e-01,1.017964630725533004e+00,2.174815023946711889e+00,-2.463642572271229625e-01,-1.561549517647377261e+00,1.048572693889755270e+00,-7.106100012363818497e-01,1.620524814099443045e+00,-5.828986292308171446e-01
-7.476513167568656915e-01,-2.585916372491333881e+00,-1.364935685897068041e+00,-2.466281992291349034e+00,-8.877612343382442761e-01,3.818481940369244043e+00,-1.189499109105594865e+00,-2.597337529898967046e-01,-1.236195249067781443e+00,4.342719466111845672e-01,-2.368949277897947070e-01,4.323961306293937490e-01,4.700461291476824011e-01,-1.779364627219572226e+00,-8.701176352206614339e-01,4.994127432005014966e-01,-1.378114343157466948e+00,2.699780753011364332e-01,4.855891247297869917e-01,1.992593154874675865e-01
-9.848676058067952210e-01,4.699987459538013113e-02,1.317692008322943753e-01,3.793113330407893891e+00,1.042671089413222812e-01,1.474445166024945242e-01,-8.710530302638110900e-01,-1.882650624339976264e-01,1.550427514881966840e-01,8.923518536932977252e-01,5.610293455892034764e-01,1.955158099807025929e+00,-1.620592559684422840e-01,-2.007349954491399746e+00,-4.380383318620512667e-01,8.240658320734568498e-01,-8.208525045561595457e-01,2.898884032357285645e-01,3.312497434991552581e-01,5.124824008267003794e-01
-7.485686811115597195e-01,-6.348994333629520703e-01,-4.777100150887736985e-01,1.290276994496931451e+00,4.224960252055358079e-01,1.706862619026686678e+00,-1.301035061723905928e+00,-7.601598611837144803e-01,4.679206385703598148e-01,1.941975226245149511e+00,-1.675094658536585568e-01,8.800276201361612038e-01,-1.761160988775861247e+00,-1.688738974448812158e+00,9.341447432865088718e-01,-9.416157938972224972e-01,-4.484523811976761087e-01,-1.296504843431144582e+00,-6.966306156351264045e-01,-4.110468177788896837e-01
2.403672755381152937e-01,3.839070827028153055e+00,-7.884518974253140744e-01,-7.858866941521528426e-01,-2.007218855685806436e-01,-2.204667992327697945e+00,2.223352696476680324e-01,-1.019902037408677575e+00,1.289412695053671953e+00,-3.671125999145200547e-01,2.370160140111264635e+00,-1.918722984541723076e+00,-6.750817708845288645e-02,3.422641662004276775e+00,-7.218401631791133699e-01,-1.251417500979339792e+00,-5.131610157663053506e-01,-8.184941823613705036e-01,-9.238919711986870453e-02,5.725170726615679273e-01
-1.855637465778674944e+00,-1.364702755364730624e+00,9.142485425197549587e-01,-2.258177916882322389e+00,-1.416727131922643323e+00,1.622330950047047304e-01,8.191798229261783026e-01,-1.391003511334026443e+00,-8.649154612004825715e-01,-1.060759864247292850e+00,-2.683726520972632645e+00,1.003453554939952808e+00,-1.198118799314555227e+00,1.875480399298340428e-01,-5.251731158845101000e-01,-1.268213871224564970e-01,1.204248386461899356e+00,-1.017474717262948136e+00,1.000626171587859492e-01,1.202200342220201001e+00
-1.779454803778815153e+00,2.850749939306962411e-01,3.087932156312536147e-01,1.628859624026698594e+00,2.295469447651636408e+00,-3.333918501480483521e+00,4.704610388055563419e-02,8.548418617997719515e-01,2.263483663761981290e+00,-2.282652147713803981e-01,2.346402217011971936e-01,5.123401234362362500e-01,-5.779522525028583102e-01,1.125580688410960262e+00,2.579628201332432799e-02,9.442803275786995076e-01,7.077749584109664927e-01,3.609393387533817166e-02,9.497267212392203062e-01,1.040946286422669287e+00
-2.750224262804751962e+00,2.552483524189884889e+00,6.625288224641996404e-01,1.445222293923750456e+00,8.231997643612056770e-01,9.639953241412370089e-01,1.566608965059472336e+00,5.544724044157794962e-01,3.974708925843753349e+00,1.567106889487043020e+00,-1.051390243043070605e+00,1.225606069419024946e+00,-1.409186560575976355e+00,1.159622984076873475e+00,3.990561644005684999e-02,1.990310279582433228e+00,-4.363511185770357348e-01,-1.487580864954005100e-01,1.505737839609776918e+00,1.076449284048675903e+00
-2.341575520335854033e-01,-1.014519121299214399e+00,1.436278844502926200e+00,1.043091778439079631e+00,8.628986978531263397e-01,2.270570317553633810e+00,1.859705398730170378e-01,-2.197222431889993999e+00,1.570775742420942978e+00,-1.692672636809057440e+00,4.886601738987468302e-01,2.424908680644915215e-01,-3.938219052520171015e-01,-1.593631705077203531e+00,1.660196238500900590e-01,2.073030693334068086e-01,4.022019286267947691e-01,-3.928586874139570195e-01,2.092221415816192476e+00,-1.210456537767651553e-01
-6.959811757511151775e-01,9.318943886034786184e-01,2.322808647868567444e+00,2.047290274171764679e-02,6.143128954491424570e-02,-1.800991614470383029e-01,7.939715364766026795e-01,3.285394101375218034e-01,3.892644069053529776e+00,1.940625450806454211e+00,1.750413148508420669e+00,-3.175651238538016452e-01,-1.507702719802472557e-01,5.197053253329434463e-01,1.719636616899460624e-01,-2.520815770164603897e-01,1.647210673131612069e+00,-2.662999265786734071e-01,4.246698550173820808e-01,6.408131527295899410e-01
-1.774134059700378518e+00,-9.139792838197449143e-01,7.247314261375823463e-01,1.216117759785583008e+00,-1.328783815493124465e-01,-2.320361679530028864e-01,2.386590732665362147e+00,-1.139665144629644855e+00,-2.245329489774412934e+00,-1.548983448481233038e+00,1.158860534651019458e+00,1.699516022358743328e+00,1.192085837477200760e+00,4.503350543870682232e-01,-4.706022230028701903e-01,-8.882621498678431315e-01,1.681045324093097815e+00,2.661774417461532649e-01,1.600528612749786195e+00,3.154524576745305064e-01
2.361601261344557390e+00,-6.902780153161219845e-01,1.016342976881769111e+00,1.290822022498254285e+00,-3.104822323538597439e-01,-2.500852341910149157e-01,-9.736100920250315705e-01,9.078976312922502068e-01,-1.203074432607200706e+00,-1.036556643997307958e+00,5.716841779216149666e-01,2.419335155263444004e-01,3.039055187637829669e-01,-1.372435243799036808e+00,-9.742192285699429188e-01,-6.013080797989884818e-01,7.458696449247377569e-02,-1.514783158211138847e+00,3.328229216914944111e-01,1.314685389520429404e-01
3.499308425026470548e-02,9.786431380848116257e-01,5.799369564768054319e-01,-5.544268236958159735e-01,3.152977454138238822e-01,-1.393361414454642455e+00,3.553999877200245683e-01,-1.422155850714585057e+00,2.907771445324280335e-01,5.158877418434967277e-01,-1.395958843852675990e+00,1.231966125592744987e+00,-1.545869089997873036e-01,-2.187979880913775599e+00,-3.252435160989142759e-01,1.818703217401707484e+00,2.210925964782043951e-01,-4.780124012403385581e-01,-5.370314361436512307e-01,1.640597100811170606e+00
-3.446416899290933311e-01,5.259447991806470712e-01,1.229857641500465393e+00,-1.048413754568576106e+00,-7.141774153309353723e-01,5.981485168653249973e-01,-2.306898407396694162e-01,3.911165149864693213e-01,3.676755146915622330e-01,1.277827597586364661e+00,1.334174821484410245e+00,1.620908180344272864e+00,5.924813546398592923e-01,1.939512012493891380e+00,1.669382298989850133e+00,2.410247899399614591e-01,5.710607183040481427e-01,6.402400662049835267e-01,-3.595752632750382372e+00,-3.083991171371200046e+00
-7.250322920002201244e-01,-1.943484521219576155e-01,3.857322243700538333e-01,8.244909142739677010e-01,9.401255522098312944e-01,1.066409491720343716e-01,6.612893516831658269e-01,6.917119873060812996e-01,1.035723627168821936e+00,-2.514482744272371062e-01,1.265698130469952165e-01,1.718510821207053230e+00,-2.684633274783684298e-01,1.810660746993167480e+00,4.680313881640936757e-01,-2.247659147284334913e-01,2.582782694935338075e+00,-1.020673675366770450e+00,2.227185287362337895e+00,-8.742863180927121225e-02
1.039606170639318483e+00,-5.798302108435626073e-02,1.276024478646934801e+00,1.905553099822166141e+00,1.067316818847919624e+00,1.222128470656115518e+00,-1.349242775897999902e+00,-8.290280659189591672e-02,4.997575642777565275e-01,1.503939376888848489e+00,8.465106634489762971e-01,-1.967747112887081595e+00,-2.819468363375793984e+00,1.298556057356653914e+00,-1.163913510726925837e+00,1.726854291420142129e+00,-3.791387618404318816e-01,-2.039243726317473193e+00,-1.343934007917666262e+00,2.987511513719405196e-02
-2.417280423491993402e-01,1.052240757774852487e+00,8.959600017325870525e-01,2.128275134948592218e+00,-1.249886576946936945e+00,-2.136966935512096377e+00,1.947240645942552195e+00,5.415807420047999976e-01,2.436229854463492384e+00,5.366936691972272744e-01,7.579599653311620555e-01,2.324595145990283385e+00,-8.143637334612734424e-01,1.924453221813827719e+00,7.888591811767058370e-01,1.264533231967608362e+00,2.547106770754417604e-01,-1.617547378184721329e-01,1.182858587686647311e+00,-4.066672085436123796e-01
-1.129053560305592896e-01,-6.732308375405735568e-01,-2.876765280397917124e+00,-6.403740070951657870e-01,3.213870981038468577e-01,1.619971641281066743e+00,1.840832181003124290e+00,-3.409489272194327070e-01,3.108767539792826717e+00,1.760106514673984490e+00,-7.499571448291910691e-01,2.687555565796053259e+00,4.030951483207985131e-01,-1.217762589391064187e+00,2.588384490721542974e+00,2.068240336398261103e+00,-2.067819596165465956e+00,1.037768108180689014e-01,-1.070092861289248631e+00,-1.160560701932636718e+00
-1.660695784238021888e+00,-4.578856784638333233e-01,-1.623104430966733069e-01,2.230501218161210719e+00,-7.575161476278045036e-01,-1.148731851149259187e-01,6.853568997416814579e-01,8.826062729773012094e-01,-1.794690390664383628e+00,1.550679942620739382e+00,-5.999390745322141782e-01,1.417709983218000236e+00,-1.507789293898698646e-01,-9.810146127916308245e-02,1.708907497424946298e+00,-1.342097683179005019e+00,-1.616918276474133692e-02,-9.268396725045007223e-01,-3.457610451750057767e-01,-2.610306790121414422e-01
1.353854913141592196e-02,3.940514382052071607e-01,1.356001820381111278e+00,1.630355311637210036e+00,3.378615241257699187e-01,-7.718269307746148389e-01,-2.011570048693060109e+00,-2.305498226486346891e-01,2.540264802330068239e+00,1.617623492281430986e+00,-2.458085958340900934e-01,2.996841868181947532e+00,-1.520339339966894965e+00,-2.893509601578286849e-01,-8.827206064824447695e-01,1.565731580592647276e+00,1.177102813983174068e+00,-1.147863998567599575e+00,1.121424039206439627e+00,-1.352415587146691967e-01
3.373741225843868152e-01,-3.300244473356997998e-01,-2.041581667455239502e-01,3.039233972323549526e-01,6.675209645071553677e-01,2.357439403821133261e+00,-9.215843629970117412e-01,4.599812124694731275e-02,-6.367751018081568848e-02,6.954698647677248768e-02,-1.521079636581681993e-01,-1.854910342551925551e+00,1.364216403932071442e+00,3.792550833149154199e-01,1.365683126865144592e+00,5.446318524843394293e-01,-5.111676664010974536e-01,-1.612374264699990345e+00,2.801759804670127085e+00,-1.017167192711442736e+00
-9.266229763090222393e-01,-2.033175589828454477e+00,1.397638284796623775e+00,-5.955418440220432430e-01,-1.909318218101414777e+00,1.026271901572191281e+00,9.126166622876880075e-01,-7.459619358026875480e-02,-1.429398752907686143e+00,1.753803736475630037e+00,-1.464704762446319641e+00,-1.207505986151200528e+00,-1.272633442705825679e+00,-7.481357392142372609e-01,5.199495880467184250e-01,3.528498660598589076e-01,1.333419732401443403e+00,-9.256154914674648015e-01,-4.767648223214556724e-01,-1.445959565322114448e+00
2.757474065470863489e-01,1.402289634881576319e+00,7.344972902946309556e-01,1.479833901083560166e+00,-1.844006425235507951e+00,-2.337321348001088595e+00,-2.267614832551322124e+00,-1.128251308587481794e-01,-1.991276938552593023e+00,4.737709414044307121e-01,4.889191336760612128e-02,-9.950944092462251644e-01,4.849303083258521552e-01,2.244087125186371878e+00,1.210160277967448295e+00,6.696196440404589278e-02,-5.805617182761509953e-01,-1.554863372318007642e+00,-1.629873953238792916e-01,-1.494876569266784250e+00
3.708523267005212065e-01,-2.433052360422405247e-01,1.520924610880394212e+00,2.583450695163733268e+00,3.738340538834407090e-01,1.359447439258429036e+00,-3.608063648120685141e-01,-3.244113914241866237e-01,1.826962407625265072e+00,6.307420291548436753e-01,1.739142528745484251e+00,-9.195498980928353827e-01,-4.328894890447771426e-01,9.354027014269342688e-01,5.476236301964888809e-02,2.105236681086869677e+00,1.180769095308434879e+00,-2.955726541987273026e-01,4.221259575112317197e-01,-9.922612854185616782e-02
1.174307145074715786e+00,-1.443277095214746675e+00,3.177263623572874618e-01,-1.071126100440544793e+00,1.509733800024739114e+00,1.815518622494129986e-01,-1.048971805160419546e+00,8.920348006742181424e-01,-2.367527079293593184e-01,2.286605169120268788e-01,-1.114226492545142388e+00,1.137784205273342009e+00,-1.049257108608047995e+00,4.038988963235567997e-01,-5.439454451332574880e-01,-1.362576450221686608e+00,-2.043162820640449240e-01,3.398241262801166007e-02,-2.828803250161488148e+00,-6.074105696100761120e-01
-2.032292481351274827e+00,-8.836501917708301790e-02,-3.731326169456957498e+00,3.277586692838777793e+00,1.594741146297978251e-01,-2.677352503937593831e+00,-2.156074205398250676e+00,2.343472741795540326e+00,3.999019633814498986e-01,1.579391663972742998e+00,-1.448566085302581685e+00,3.743804391925130148e-01,2.921385169859840036e-02,2.910448895273473724e+00,2.030853163604403877e-01,4.233777181142626134e-01,-3.607105519395142207e-02,-1.686473671281127462e+00,2.219399033633735474e+00,1.028908596867140313e+00
5.825082923976921956e-01,1.181041253014381898e+00,1.345787659834253747e+00,1.129433806042484001e+00,-8.007278333203633469e-01,-3.721628158829100030e-01,1.107686329136569725e+00,1.375045518166873038e+00,-3.295879899619362785e-01,-9.028617415902442378e-01,-3.523182253403835951e-01,-1.837628598653275325e-01,1.129042624900004066e+00,8.449965844805020776e-01,1.087679515603358071e+00,-1.826916706113170363e+00,-8.100377251439465631e-01,3.673480594243012654e-01,8.130708486550775049e-01,-5.157887808287007214e-01
-7.211757978721955453e-01,-8.407671194481721733e-01,-3.503211868510290650e+00,1.971522885843747908e+00,-5.390447506040743075e-01,3.473023242686354095e+00,6.606093336616241096e-01,3.824763150142734824e-01,-1.098765472288614209e+00,6.271671633271957980e-02,1.442341367098560312e+00,2.631198753751757824e-01,2.013399670196192315e-01,-2.788969338574829870e-01,4.209523514528051846e-02,4.325205630684718638e-01,-1.706419659263922917e+00,1.095180032343725518e+00,-3.045851010304437279e-02,-3.246633428196738502e-01
-1.702423600392018566e+00,-9.018087662125502668e-02,-4.981953502073427353e-01,1.465022627761036755e+00,1.041619580394392175e+00,-1.151183981580875315e+00,-5.315372680485040968e-01,-1.455418797266057052e+00,-1.292337709865817086e+00,-2.074599337837557123e-01,1.972802590879804807e+00,2.552768911771947646e-01,-9.081997661322621651e-02,-5.643942708514622097e-01,-1.315111636919676918e+00,6.598278525526677374e-01,-2.400297924082923084e-01,1.116528965041864829e+00,2.257018581029933024e+00,-2.755647993170409066e-02
7.676414696279585392e-01,1.352730886901148510e+00,3.713165208278028651e-01,-5.720207569603625863e-01,9.443589019125635253e-02,1.868991773892099140e-01,-6.791658268543465660e-01,-1.271398570628770264e+00,6.489800865499026905e-01,-1.275407303119979741e-01,8.830546629435898076e-01,-1.034147162030474298e+00,-5.551262833238813643e-01,-4.446986044196332144e-01,-4.367337177114730129e-01,-1.699977941197254871e-01,-8.997614264000038942e-01,-1.360403171461521676e+00,-1.966947404861792759e+00,5.057544071320996260e-01
3.706790523044485863e-01,3.311796627294754658e-01,6.594488099387204594e-01,-8.473560758062622655e-01,1.610524011609362482e-01,-2.910591902572466916e-01,7.606889103358294157e-02,1.014271175788469037e+00,-1.086447945989754693e+00,-1.103196243881449101e-02,-3.608964925147094271e-02,1.537885428646660113e+00,9.908206949302099664e-01,2.688546113624598277e+00,2.878133009592974689e-01,1.042195974990881124e+00,-1.259800966720834581e-01,-2.970536145564808272e-01,-2.045530390775575746e+00,-7.099283961984489411e-01
2.075459354425952530e+00,-2.402056910677246027e-01,8.887707689416051160e-01,3.853509916772120292e+00,1.540950307871455038e+00,1.139132654096806085e+00,-8.598085659372974865e-01,-1.291654023459358092e+00,2.701728727742351843e-01,-9.344696356159402084e-01,1.041972741465704066e+00,-3.013447495178352753e+00,1.740934246871542079e+00,-2.043249347640603841e-01,-4.207762672362518330e-01,-1.023992517077757292e+00,-6.693220305719564944e-01,-1.522342076522296805e+00,2.339499937241427574e+00,8.766077606174187409e-01
1.277576901021838518e-01,-4.999822608563186388e-01,1.850522115737836204e+00,1.372089000023764438e+00,4.535322886687094823e-01,8.644566055048308328e-01,1.674867069324618818e+00,-2.240535821936788352e+00,3.369757454547840148e+00,-3.610212534114266347e+00,-4.348316888651612144e-01,4.892150804009564591e-01,-1.019840538835218302e+00,-9.289884809313008196e-01,4.012643607500852028e-01,1.264132183473505977e+00,-8.588598986617178577e-01,-8.095308926417513207e-02,-1.633291337381186370e-01,8.207125332572998699e-01
1.799889451307226773e+00,-7.741356094387887854e-01,-3.423106080695697884e+00,1.863155322791609780e-01,-2.871559159318085030e-01,-1.418080224673299305e-01,-1.351825201812038912e+00,1.404223075875309090e-01,-2.005654280181341509e-01,-9.477550155470830795e-01,-1.299284510856545172e+00,-1.819751667473112011e+00,-1.505838029532752476e+00,-1.049236901582546455e-01,-2.294738030159227726e+00,-2.264978173232682135e+00,-2.110904213573624677e+00,8.542068252427141850e-01,3.898845142290848109e+00,-1.316863936628039022e+00
1.238366353571482392e+00,-4.115327437168342373e-01,1.724194293586763127e+00,-4.394034061092748633e-01,-1.031899983499122042e+00,9.574043739441144563e-02,1.548482760984190909e+00,6.938973278628606245e-01,7.908831453680970069e-01,-1.398594732398446561e-01,3.759869219461869916e-01,-2.613835703997069881e+00,-5.854930668088111911e-01,-2.964987794028178802e-01,6.843952913173446673e-01,-5.051877132138893334e-01,-2.061004280762488983e-01,-5.356896992675341806e-01,-1.937137813472356918e+00,-1.322280072650427352e+00
9.137569517560475418e-01,1.551810332870361187e+00,7.471656770230505895e-02,1.827782459337184084e+00,1.621323434816509756e+00,-3.177427089340753574e-01,2.150505717363118130e+00,7.903656896340641169e-02,5.745400741008980239e-01,2.247666888704961785e+00,-3.790499705535769204e-01,6.378369957392738820e-01,-2.009517286568574257e-01,4.662274121260018056e+00,7.434193005937853593e-01,-6.310211568100147772e-02,-1.346447729988322073e-01,-6.976441545758985674e-01,-2.380371503584255699e-01,-4.287333794868008474e-01
4.662680322234939445e-01,2.699849539616658856e+00,-1.301983686920973327e+00,-2.981484333575448176e-01,-1.972456732037111138e+00,-1.226441420556969142e+00,1.406401963039798808e+00,6.322563605953384069e-01,9.324521484172332286e-01,-5.791569775151954591e-01,-1.812056006748124837e+00,-1.408063075922449503e+00,-3.547814586248543289e-01,-2.627355920757271646e-01,-1.267549057727450634e+00,8.110245503548518808e-01,1.539664822033911973e+00,-2.222513369407619621e-01,1.755938140502816824e-01,1.271423847936879570e+00
1.250396579327832380e-01,2.595149219283578557e+00,8.040941913555228471e-01,1.708467966951313866e+00,-2.406795145571267447e-01,-4.023322721402058377e+00,2.183208662124808797e+00,-1.683905538106129085e-01,2.162983508073303085e+00,1.483505563094128288e+00,6.757288793309272901e-01,-2.792331642816611392e+00,-6.751499108485519152e-01,1.049774777066719844e+00,1.061351296307085246e+00,1.529244940679586051e+00,5.265076516478093271e-01,3.720252944881687340e-01,1.306671298563208961e+00,5.741612577511465698e-01
-1.976509195604251590e-01,-1.782232133979152700e+00,-2.460744564898916131e+00,-2.220607938364989042e+00,-3.044812031991690482e-01,3.468078481480285191e+00,4.212327175020100789e-01,1.904211507557470229e-04,-1.831104711975933164e+00,1.396571954667210846e+00,-2.050407128320526517e+00,-1.749100099527763463e+00,-1.522138473562473227e+00,-3.179212916128756561e+00,7.609279540782849793e-02,-3.301535400841060230e-02,-1.320916064370421861e+00,-3.135101774566591004e-01,-1.231520562206454450e+00,1.607981200578743719e+00
-7.280349195115273231e-01,-1.729065192380889737e-01,-4.351099270826125354e-01,1.628575294044277699e+00,-1.397332095506608196e-01,1.089154450708020194e+00,-1.055296738218595376e+00,7.885427623798507701e-01,-1.033051460763555696e+00,4.916080403167275570e-01,-7.571587991841896015e-01,2.523780819606895154e+00,2.572574450220740938e-01,1.713384491436449997e+00,-5.348206896983883629e-01,3.552522346931986652e-01,1.018038754941763990e+00,-5.727518936335000976e-01,-8.799690585526355191e-01,-6.722027911357710828e-01
-6.103134190041755724e-01,-1.263530972134989216e+00,1.282821216761285132e-01,1.604412260242261690e+00,1.360317556102980552e+00,1.983569266195279290e+00,1.179275314523653639e+00,-3.525471964354331272e-02,6.436099874474299209e-01,1.623360120389845562e+00,1.583381233792466203e+00,-1.098097057118018860e+00,-8.159356514500774038e-01,-1.620580402043406032e+00,2.383091738994203013e-02,-3.531552204280247187e-01,-9.412331386357390972e-01,2.398891818968051370e-01,4.787701833503004156e-01,-2.171221839724390701e-01
-8.730489704010171437e-01,-1.716678321752244107e-01,6.726761168474929553e-01,-2.745732530529922943e-01,7.410732734523487464e-01,6.687097241193463715e-01,1.811524380182104155e+00,-1.733221636674614263e+00,1.623163270054241991e-01,1.412288043673148863e-02,-1.913933576644311074e-02,-9.254935583152290590e-02,-2.042171151912556049e+00,2.082759851511911009e+00,3.538476323811046709e-01,-3.405140147892059266e-02,9.840451288681735520e-02,-6.025651743809140592e-01,1.615039065744417801e+00,1.716111667699118659e-01
1.564690343768852521e-01,1.424506611354971364e+00,-1.157513235116341743e+00,1.840897142289262600e+00,8.851851037335579930e-02,-8.820046459477290934e-01,-7.278762194612196090e-01,-1.266209894351744136e+00,8.571002274067032189e-01,-1.715273894003848110e+00,1.004702755482359766e+00,-1.427649275956884622e+00,-1.556758302056406862e+00,-1.168592327777568718e+00,-4.266204185930418946e-01,1.611365302281061007e+00,-1.838528733113566904e-01,1.611382534600959593e+00,-1.449220225904827908e+00,-1.655632699318774353e-02
2.865520650221626275e-01,9.607086733087046859e-01,1.297268694754806662e+00,-1.407482749069154659e-01,-1.353396321002670044e+00,3.743607822786859662e-01,1.556505261960133391e+00,2.359094663544390180e-01,1.035461206848502513e+00,-3.646501787571179154e-01,1.164457439718112886e+00,-1.496564398922992867e+00,9.420284902265646521e-01,3.573925733925453319e+00,-2.900049212563184042e+00,-7.504002648479275450e-01,5.007764632208649633e-04,-2.413894724907938993e-01,7.253308603149876133e-01,-1.318314083451000318e+00
8.677177976187545605e-01,8.097371661686192379e-01,4.684138746628259131e-01,-4.492428281036690008e-01,3.784088033766744852e-01,6.400285110759271201e-02,-1.181487600536747506e-01,5.479023627708837774e-01,3.212607346933624153e-01,1.030606736878372676e+00,1.282564321945553587e+00,-6.900672907016256463e-01,-3.274031260168132618e-01,1.653257547527235971e+00,-4.003709825743812512e-01,6.360369894877614394e-01,2.081805671531434809e-01,5.355903149549559039e-01,9.778307928804124138e-01,-7.175751190790161660e-01
1.267517911801680386e+00,8.006933279356343025e-01,1.331698076950857068e+00,6.463816412424860935e-02,-8.108865759360822656e-01,2.092679584156479589e+00,3.300603969654569703e+00,2.171908289398271075e-01,-7.685693164112326059e-01,1.592607677627790652e+00,3.871812817660410522e-01,-1.448535203199691423e+00,1.874673596231017370e-01,6.875640543390728610e-01,-1.158255559364395060e+00,-1.918166503831421066e+00,4.343593002776192646e-01,5.190453738361776488e-03,3.990940738258091924e-01,-1.324184354823907617e+00
2.107839977200232529e+00,-7.327804062617809810e-01,-7.512919452356324745e-01,-3.154952516054241318e+00,1.459140799829913515e+00,-1.346036939553550527e+00,1.414903915576146698e+00,8.164692399906996467e-01,1.260614648685692174e+00,-5.046028642643110018e-01,8.449477449809771334e-01,-8.973823188649587834e-01,-1.780672540955098526e+00,-7.700931576160863212e-01,-9.760879150381289726e-01,-2.643389959857892713e+00,-1.333988851108018237e+00,7.056090772266392364e-01,1.124398267863408796e+00,-1.261287180666291530e+00
-2.360894496876039250e-01,-1.313601470262987236e-01,1.393594236229879879e+00,-6.512182551634966288e-01,-2.754076454694582426e-02,1.694026662030118091e+00,-1.160450952428681015e-01,-5.511079639308348321e-01,-1.196954992832110820e+00,-3.402262727560315669e-01,1.268280974837395103e+00,1.419815990215046009e+00,-3.079360773427368136e-01,-1.248563901286251721e+00,-7.001175357294854573e-02,2.501663006644055942e-01,1.502652883539581374e+00,1.296066103083066245e+00,-2.446738759186879442e+00,-4.662146327281225799e-01
-2.320818305889872091e-01,-2.191449366255359799e+00,-1.291544911200221968e+00,-1.751488720215230499e+00,9.852596062595369783e-03,2.578038129624465213e+00,2.593472374839512762e-01,1.045384921547579005e+00,7.538265235416730103e-01,6.776509062611546508e-01,-1.423523765330926061e+00,-1.465405912869033767e+00,1.158063416257563150e+00,-1.549064164806250421e+00,4.866058788352080611e-01,9.516860729440662636e-01,1.109961841578960939e+00,-1.332099703537790170e+00,-1.683026117778743114e+00,1.468435014159909402e+00
-1.078139408372395858e+00,1.145462913435599805e+00,-1.444715882238114812e-01,1.703632298552620883e-01,-3.099946753648836761e-01,-6.720118039275226884e-01,-3.743300481553265557e-01,-1.173398940764591503e+00,5.267803856374648763e-01,-1.957643709923094555e+00,7.929933906309368785e-01,2.729871103097480378e-01,4.528318126181096748e-01,1.443759262264755261e+00,3.175668122666411852e-01,-1.548805954989254108e-01,-4.624235787736953318e-01,-8.113081845519066748e-01,1.505611510012944354e+00,-7.519477871252219225e-01
1.163184537278925346e+00,-6.611929238186231572e-01,-3.712814833967401640e-01,-2.815154335295747323e+00,9.005601070509247630e-02,-3.604950988919885524e-01,9.572066697228194254e-01,-1.602883949995519197e+00,-1.285158803611865075e+00,-1.044877645294979951e+00,1.534237196325460850e-01,-1.805670280365894387e+00,1.652308252538341182e-01,-1.935160839302922042e+00,8.230564822662660429e-01,-8.825195606706206508e-01,1.225798093127449528e-01,-7.513160753973940897e-01,-1.868985068733919785e+00,-2.698047614369807778e+00
5.224900743623023258e-01,-1.272501002604847775e-02,-1.897434318312682500e+00,1.919122702849057394e+00,-1.851128804295578134e-01,1.251992090201820229e+00,-2.833682575682030524e+00,-6.815036764929039981e-01,-3.966160855742333347e-01,5.054009439113766877e-01,9.632973227659737958e-01,-1.697138816505187719e+00,-6.149857175333416082e-02,-2.557629167833001205e+00,5.752438757380749779e-02,6.899151939353520557e-01,-9.999653928636378364e-01,1.656221910172319456e+00,1.233158852708500897e+00,-1.503877413515383454e-01
1.844365213706517403e+00,3.852037139523645237e-02,-1.403465129751016782e+00,-2.124718620975225569e+00,1.672834049222523101e+00,2.234592798187009510e-01,-1.040886092793840145e-01,1.328488318156630932e+00,4.787359043846272089e-01,9.848217644158749895e-01,2.964322104718172035e+00,-2.575192095934267567e+00,7.991904725825029754e-01,-2.622621740564253123e+00,1.326097473923279202e-01,-2.865676607765826667e+00,6.055447025122979721e-01,-4.664444215054477233e-02,-3.672000608279065714e-01,-3.019976385563137189e+00
6.955640066381340025e-01,2.245226702003071395e+00,1.694131500951670422e+00,3.888217308274875883e+00,1.169966862803265562e-01,-2.968112974049139652e+00,1.283031589861063582e+00,-2.590808681928060131e-01,7.813721659150454357e-01,7.224192886681906067e-01,4.268422101291926563e-01,-1.939078638675683752e+00,7.491158466009615324e-01,2.065506853691523759e+00,6.228522388187748282e-01,-3.724049163639374660e-01,4.815075206457782725e-02,2.499851503802890562e+00,2.094039656675021011e+00,-6.169257198705276890e-01
-1.816892039182998742e-01,2.136600090295959653e+00,2.770138628357593724e+00,-2.892126226587539151e-01,-1.037938925711076710e+00,-4.560157578142217005e+00,-2.365570031985341437e+00,6.991136866890846902e-01,2.460339379501197965e-01,-4.039969182545345427e-01,1.442448638114287807e+00,-1.044766880298997114e+00,-2.182846226088973385e+00,2.574061476223775458e+00,8.159348095614789020e-01,3.632712786139317140e-01,-4.466620986685871930e-01,-7.427040859507403336e-01,1.577924890880776809e+00,-2.037678938570429477e+00
-4.222606542742869395e-01,2.176438095044688659e+00,-2.216025785863074971e-01,-1.279300993007984610e-01,1.938015317195221077e-01,-3.481921415416244336e+00,8.584123432356487449e-01,-1.376628451144558563e+00,8.335049017048425934e-01,-2.011787704428934731e+00,8.917354532453829474e-01,-1.833923474367892492e+00,3.894285762328322242e-01,3.406126855590016156e+00,1.535715748102155054e+00,-1.009310616545046502e+00,3.258780626173198858e-01,3.171552824736909026e-01,1.668417242096834396e+00,4.811713535718763479e-01
1.011720439031500218e+00,7.441767655231343870e-01,-1.429602400229895265e+00,-7.587248052491650796e-01,-5.474511584192207625e-01,-4.223104655712837108e-01,-6.956993792517364161e-01,8.195455017454792435e-01,2.738068974849316994e+00,-4.513766209555478137e-01,3.060853361525198935e+00,-8.422736756474611397e-01,9.186257934881132403e-01,1.567683955304584931e+00,7.434802650930595336e-01,4.227484605230077408e-01,2.836631544337403499e-01,5.560717588514748483e-02,-1.668136027345668460e+00,-2.514923813946246423e+00
-6.675741475549352988e-02,-5.117282135519364283e-01,4.571246323709283743e-01,-2.258010730103810815e+00,-9.071238650487507549e-01,1.656993810381555576e+00,-6.597898516191411655e-01,-6.126118348441886852e-01,1.400780683067621157e-01,4.770306605962548741e-02,-1.136074094188325390e+00,-1.265741729838250951e+00,7.402650176324411246e-01,3.583663255315816532e-01,1.459450918899787730e+00,-1.209865117812197743e-01,2.983687926586466310e-01,-1.160926242029916455e+00,-3.255010340003775537e-01,-1.346312205414473828e+00
-1.560638901713683746e-01,4.217241505873381424e-02,9.235395910132921937e-01,3.516426305599176239e-01,1.684151920218807386e-01,-2.231796273793775764e-01,4.315587052508310650e-01,-1.100066186588222195e+00,-5.180022435103293077e-03,-7.999410592421313249e-01,1.463107584750518164e+00,1.908170593568028428e+00,-7.198830732753214168e-01,-4.700503415018524311e-01,8.034465878554714058e-02,8.381373304743896524e-01,-7.255579103470378710e-01,7.514046682663018117e-01,1.724900749108387643e+00,6.408675572987690972e-01
1.583464737694380453e+00,1.893495463777342458e+00,7.903654022958356284e-02,-3.140536146346556423e-01,1.025104074233296636e+00,1.722380050449242361e+00,-1.360924542653032088e+00,7.631943548377515540e-01,1.987677316997452426e+00,-8.979738723996313343e-01,-6.524780208796143732e-01,4.383723682654636633e-01,-1.307298951505968254e-01,7.501891328239662649e-01,-2.176948240921608435e-01,-1.562660145751775698e+00,-1.019561128024238261e+00,-2.234324703010623026e+00,-1.252641451871201017e+00,2.567223536442709619e+00
-7.865939814363580584e-01,-1.463291577980248226e+00,1.509290461480204515e+00,6.607599544111204537e-01,1.271039492031887042e+00,2.533659265997083132e+00,-1.504514333229178380e+00,-3.451860723012379339e-01,1.613340953862587579e-01,9.901341767811742134e-01,1.676621175254673801e+00,4.435286620615043196e-01,-1.428266206253065440e-01,-9.836436990030034133e-01,-1.605525647779754816e+00,-6.559376123810093384e-01,1.042346698455587806e+00,-9.324814787355112378e-01,2.288189921963617923e+00,2.289115162889425181e-01
5.115600814006265873e-01,8.500446722146481893e-02,7.866561129928142382e-01,-2.668333705034418024e-01,-2.657314705064980576e+00,-9.816192574956544847e-01,6.080360303210585737e-01,5.589242156600400246e-01,1.062589459291391147e+00,1.198074443634288944e+00,4.776475206860729683e-01,-1.738999369523694494e+00,-1.379064616990164804e+00,3.399423491467822966e+00,-2.003862119117861162e+00,1.425203424382410766e+00,3.466934845357873968e-02,5.511441515871604580e-01,-7.600186522703487046e-01,1.553608599154522943e-02
1.441440497786218966e+00,-1.064633871857517899e+00,1.915658329010703875e+00,-7.614818358812478483e-01,6.709068558605431054e-01,-1.663086806134595586e+00,1.282573106747761482e+00,8.593675810021705885e-01,2.293741848298924246e+00,-8.696898047117891384e-01,2.266976758078442789e+00,8.814888707112560340e-01,5.948938652358628509e-01,-7.146980893433155790e-01,-1.340148929401851596e+00,-6.417758933248848274e-01,-7.732447129501823779e-01,6.028110950681686564e-01,-1.065222234720266670e+00,-3.661963611614457714e-01
-8.369077355907481586e-01,1.490696382214161231e+00,-1.851502516613154015e+00,-7.107780774907241916e-01,-4.173460396849737464e-01,-6.558904310084131550e-01,5.586808732133232702e-01,-8.847879332813614328e-02,-1.390931205290118378e+00,-5.689239074976155663e-01,-7.692475246753889273e-01,-7.066580251530697465e-01,-9.743016125333079369e-01,1.036103667354772107e+00,7.140149909069264111e-02,-6.878061395386972365e-02,-1.059998205906276247e+00,2.438430789657608067e+00,-2.155099582070185704e+00,-5.274545726779293897e-01
4.598720058045697168e-01,5.601997232028450568e-01,1.111295524017496650e+00,-6.422704542230269764e-01,1.360089552018918457e+00,7.439731547387812283e-01,-1.498080682087780779e+00,5.247104397463435710e-01,-9.778858509020064149e-01,2.293943433731367332e+00,3.920251714414112465e-01,1.716742575313128238e+00,1.325851386471067039e+00,4.028793206284001727e+00,-1.050159705734972304e+00,-3.904050675254655545e-01,8.066627201346734388e-01,6.944860514714700228e-01,-1.781377658197384806e+00,-1.440486882931191648e+00
-1.426700375732197212e+00,3.822536726185497002e-01,2.083265683472722785e+00,1.037309392560597177e+00,-1.338695282364869454e+00,5.704216558224534106e-02,1.989076926482517882e+00,-4.819962658190325433e-01,2.027214132730707163e+00,-4.613503107116128099e-01,-7.593127390604509364e-01,-8.546294596641057506e-02,1.159541363485166454e-01,-1.040655783248271904e+00,1.962517214432593970e+00,4.458011281977869444e-02,7.545514574942060460e-01,1.719999409613788055e+00,1.857651303135781751e+00,-5.158252022469899112e-01
-5.567297495706027277e-01,-2.519340664013498543e+00,-1.768173136211848018e+00,-1.795489819071355964e+00,-7.978120783133337002e-02,5.838437558810772865e-01,4.046568085943618165e-01,-3.212039240542683971e-01,-3.077591617254360479e-02,1.031338834362765633e+00,6.305919688802896772e-01,-1.489514762194491748e+00,-3.652896679774488287e-01,-2.366005478597582368e+00,-6.456131239747597839e-01,1.027085542373537219e+00,-1.914221208496576621e+00,-1.092316076097987976e+00,4.691264923843951884e-01,9.693152561606757089e-01
1.798398849990939241e-01,9.925280542479805179e-01,1.254583411249493352e+00,1.386596341687840184e+00,8.900942677565564232e-01,-9.975478675121730587e-01,1.609063623241447694e+00,-7.926808649802933315e-01,2.503397157279629415e+00,5.418551898373000775e-01,-6.521690070474744916e-02,6.654378855726682529e-01,-2.250617672404928993e-01,-6.053048808496436228e-01,-4.501884896454132479e-01,-2.468883545503293142e-01,3.151756781455759548e-01,3.778279958033520236e-01,1.720585483542645955e+00,-4.474949717675761329e-01
-2.144463875431084521e+00,1.550801497130330109e+00,2.536308418490036409e+00,1.668706078056577002e+00,-4.602831708923686427e-01,-6.950681344365781111e-01,-1.315143653069392515e+00,-4.445589898971943899e-01,1.748491371288931839e+00,5.954949203873979302e-01,1.362896740004099438e+00,-7.655715512552864199e-01,-1.481012937982395805e-01,7.999271898957804883e-01,4.708404572219414275e-02,1.063072422162405051e+00,4.927569259875098084e-01,8.066041521237673484e-01,-9.560031928737249274e-01,-1.580263532367502319e-02
-7.270889857497592201e-01,7.590766267903493736e-01,-9.950284699032415636e-01,8.686638216573290272e-01,-3.366560647329316369e-01,1.591013266426418049e+00,-1.214470179950886131e+00,2.035299218507743702e-01,-9.479002063583267246e-01,-5.614545630045937319e-01,-6.757549238551705528e-01,-3.558484705827623662e-01,1.299832785333820517e+00,1.499038068523078637e-01,-8.934169260756333331e-02,1.718584802251424293e+00,-6.740920894257247387e-01,1.169938263901580955e+00,-7.467165236540971307e-01,1.019834384891921353e+00
3.074181264655502788e-01,-4.922244310121878241e-01,7.450187901664606649e-01,-9.164502004364099008e-01,-1.274417891466192554e+00,1.298962640045103756e+00,-1.510576349109340910e+00,-8.063787074184944892e-01,7.254009883486441934e-01,-3.866592298278949680e-01,5.292172174661644579e-01,-1.410768836409205251e-01,8.295734852915029878e-01,-2.286927798094836817e+00,1.053697037748290155e+00,1.072087691760450490e-01,-7.886530210365692017e-01,1.305609996893102975e+00,-2.777353108812163907e+00,-1.395941201285386679e+00
-3.875387622271542210e-01,-1.322201217009766783e+00,-2.613247874909961244e+00,-4.554687158588732743e-02,-7.877032924929000535e-02,1.990933857133584395e+00,-7.873106306471949756e-01,9.412854744580714250e-01,1.282712172916406157e+00,-1.167645568692378677e-01,1.421584913321813026e+00,-2.282226704082151308e-02,-3.539243205479818410e-01,-3.120401852645845686e+00,-7.410493994573179588e-01,3.514735603293171473e-01,1.563719536192150539e+00,-8.164787818818738385e-01,1.788283994948998590e+00,-1.021721175845212271e+00
-8.035220832609435426e-01,9.986466024539386588e-02,9.826555595383068553e-01,-1.246760174891478057e+00,-8.857258649690110675e-01,-4.586884845199507010e-01,1.814848212273138417e+00,-1.979831229840781415e+00,-6.004221750429038496e-01,-5.924448977025978946e-01,1.337869752617213415e+00,2.130877172836847411e+00,1.406659150969218064e-01,-1.755419793991241040e+00,2.179045063056492371e+00,-3.614424704287663714e-02,1.388417659961512785e-01,2.320783281834547518e-01,-3.296947810215010488e+00,-6.419154596119853728e-01
9.389892314883053759e-01,1.890634452489249329e-01,2.402814416790818086e+00,1.719887919884869998e+00,-1.986829442028053450e+00,1.970964469451059742e-01,-6.433165201024346747e-01,5.801783826119869536e-01,5.019506724250875074e-01,7.853796034362453549e-01,1.060526520342404577e+00,-2.343119659425852763e+00,-4.292499810358513246e-01,-7.522833860179156673e-02,-5.751063666559343979e-01,1.588176778732186989e+00,2.673587666775182475e-02,-5.706593355756857111e-01,3.283447838183021217e-01,-7.634828944572800979e-02
4.378194712191004201e-01,-1.538318491022503398e+00,7.471429542521791645e-02,-1.636373439689546183e+00,2.363256297837661862e-02,5.197357433048543918e-01,1.231280307923486639e+00,-1.012291750391703493e+00,-1.110610850559607066e+00,1.404635366575690991e+00,4.769577542822852623e-01,-1.900841887204302028e+00,-1.805167744214827064e+00,-8.299291182173227366e-01,-1.292016733727777034e+00,1.364405362612047146e+00,2.397705244336582275e+00,2.497598424329191324e+00,-1.994166833903404878e+00,-8.609456504505568208e-01
1.141091575867586805e+00,1.480616027930570899e+00,-1.707631021414622863e-01,7.861959900273907120e-01,-2.093679018836982209e-01,-1.853354815192907790e+00,4.098808106430532616e-01,-7.026266263692925174e-01,8.605695289301212858e-01,6.049493477285301513e-01,8.283211035779436404e-01,-1.978608531655606795e+00,8.786259611460806029e-01,3.562917216815533195e-01,3.017181679811792305e-01,-1.318721393168176270e+00,1.450888783866521425e+00,1.344891427569499420e+00,3.294409689674928643e+00,6.050736379933612658e-02
1.714517731982448945e-01,-8.255619871267583232e-02,1.149799066444580964e+00,-1.421565667948960110e+00,-3.235265704571591017e-01,8.128477176927560999e-01,-1.211336617306096874e+00,-9.005166412625141836e-01,1.330028313154159481e+00,2.178964707740362883e-01,9.416326298323840494e-01,2.257948580074403688e-02,-6.024105329815403476e-01,-1.114229541737120188e+00,-7.176928563377923398e-01,1.459370122282739324e+00,5.503321493885918736e-01,-1.508517194292813723e+00,-1.555946356136795661e+00,-6.912069299595143823e-01
-1.549578835871777471e+00,-1.241334127261330744e+00,1.074263325751645848e+00,2.730464887251916051e-01,-5.203475290254041402e-02,4.838019316221022215e-01,-3.906891474527901531e-01,4.005445092476084823e-01,1.430133585514433925e+00,2.598181026195826249e+00,-1.879048118830639602e-02,2.283039639674372623e+00,2.966521398142356603e-01,9.010452065569918290e-02,-1.101939251295653149e-01,-1.210344061506743341e+00,9.434346154644236426e-01,-1.219671046859531760e+00,3.595105471203081660e-01,3.738020033461094127e-01
-9.740234817077377816e-01,-9.756169478377584303e-01,-6.126195367925058033e-01,-7.488647560704063677e-01,-1.200096150632636305e-01,3.096944758592315772e+00,-1.801083503103119376e+00,1.621011396508515112e+00,-1.413904086602228105e+00,-3.023081899796086880e+00,5.793747990357178690e-02,1.964522619408135107e+00,-9.754957752695023743e-01,1.134069569715656867e+00,-1.383340669882785923e+00,-1.902036373916440759e+00,8.795001798298766882e-02,-1.080302589390089718e+00,-2.123705106408634080e+00,-9.867825842326870545e-01
-1.049110604828822568e+00,2.683727288043245007e-01,3.531455608505645327e-01,1.544184696346395214e+00,3.119318377340684137e-02,1.295690727151873833e+00,1.213613808655286119e-01,5.223003568178649081e-01,5.674722762117978547e-01,4.996930582074840532e-01,6.285601034435660539e-01,3.355729932502600210e-01,-1.558491431669872529e-01,3.439597545406596346e+00,-4.668189288995265862e-01,-1.208205947972953220e+00,-8.114424320122639589e-01,8.207197831790866704e-01,1.187432171640263601e+00,8.904156019787184961e-01
-4.648343810420736411e-01,2.153285304911925824e+00,2.710323918384895059e+00,3.643170660763337843e+00,3.794698436776567929e-01,-1.838987971164227186e+00,-1.849822690197658215e+00,-2.006686288502938620e+00,-1.275136515077749166e+00,-2.474337637495241715e+00,-3.684398989029969984e-01,-9.890832981487840403e-01,7.736943399086413375e-01,1.794011821503181059e+00,-8.071611227241777264e-01,4.524250876357702733e-01,8.141272399346884958e-01,7.969084669043640101e-01,1.475289818055789404e-01,-1.098833239419965357e+00
-4.905598871189221777e-01,-2.981766253630197205e+00,-1.713142990933754550e+00,-2.141359062010254277e+00,3.041076120361064783e-01,1.603839128283847115e+00,3.810446196679174724e-01,5.524549817158525000e-01,-1.215529136772447449e+00,1.279954567132057797e+00,2.171159438354409943e+00,-5.259918607192003437e-01,-8.081553704933472915e-01,-1.521015710254348896e+00,2.592054657146647401e-01,7.495748666546352412e-01,-1.484434243839752421e+00,-5.392680590166090138e-01,-1.646808227693118187e+00,-4.786413576188045527e-01
1.000745697488261809e+00,-3.029846932127848724e-01,-3.514141045166442323e-01,1.810662731866824693e+00,-9.397675527046131863e-03,-6.338237958146426543e-01,1.244374431052444496e+00,2.600326688598637581e-01,-1.104778643441237440e+00,4.123723533541469033e-01,-2.329233689066686486e-01,-1.041047633069803524e+00,6.884017518031192440e-01,-6.811195165810635110e-01,1.625809695458631188e+00,-2.595090994479487101e+00,-7.741225291362942018e-01,2.958076463498777176e-01,2.309782572617231633e+00,-2.348016484341703958e-01
2.148514191283523722e+00,1.967754117726508767e+00,-7.188224634759937670e-01,1.783303426918907197e+00,-7.876070105551478129e-01,3.063879645207612246e-01,3.638950715179716244e+00,-1.461351171784277980e+00,-2.473477978469202365e-01,-1.631298561535750480e+00,-4.154584292238844290e-02,5.815051869722988043e-01,1.060255684750621485e+00,8.384536952230083884e-01,1.613560866335343347e+00,-1.918811476256361503e+00,-1.289605897880263141e+00,2.804404513383464970e+00,6.558343784421630795e-01,-1.856316261736417728e+00
1.432409255699835127e+00,1.698373636185052327e+00,-9.083731086130752974e-01,-7.176310377613401847e-01,-2.439554902797589075e-01,-6.594489125764357862e-02,-6.622048720533605382e-01,4.412433174334731145e-01,-1.058698833220653168e-01,4.680650990293423463e-01,9.856522372597030790e-01,-5.934811634061999408e-01,-3.248068661089164033e-01,1.717556610336218093e+00,-1.121682676317358629e+00,4.330344067886735537e-01,1.156681395451824246e+00,7.843760116378570846e-01,-3.147319616666471198e+00,-4.361714527348203863e-02
-1.333533335623062754e-01,9.603839992804409365e-01,8.625832527518593196e-01,1.782367562275838369e+00,5.403870135409034603e-01,-6.893425920739234547e-01,-4.753259697383110938e-02,8.150109235200996283e-01,-3.412705436407657000e-01,-2.020362516994696767e-01,1.682773021104050359e-01,3.811216850870456918e-01,-2.761495968987696337e+00,3.215850101300548047e+00,-1.351862428607703670e+00,1.693136455814349794e+00,-4.651679367888334471e-01,4.128051827886800029e-01,-5.915378431399349601e-01,-1.032480661560498557e-03
5.774052557116919442e-03,-6.058103651793833588e-01,1.345769358332627785e+00,-1.422029579833646640e+00,-4.445747738952660066e-02,2.914772629928992220e+00,1.440089999711141600e+00,7.238433777077867282e-01,-1.890221723025264922e-01,-5.297450737694220368e-01,-2.531593407282114683e+00,1.218938919540609511e+00,-1.304824534786581947e-01,-1.975225601936331510e-01,1.151490214577682636e+00,8.414852039799255445e-01,3.061774840731270042e-01,2.506502019120473435e-01,-2.012273169937096373e+00,2.256566760893526702e+00
-6.676208106991798896e-01,1.642369602472422696e-01,1.030020189991991852e+00,2.209804835444073579e+00,1.105394268094983978e+00,-6.540396489218430753e-01,-1.462858188691530947e-01,5.280847580859131529e-01,-8.325614209912435282e-01,1.641254778975142603e+00,1.328938636506676207e+00,2.127359120470166065e+00,5.238939399207064307e-01,2.073507195283208038e+00,-1.364601759862879571e-01,6.515822426761226360e-01,4.417438979244086017e-01,-1.052282648566178480e+00,-2.471087109330395715e-02,-4.439848741875873639e-02
-9.406189148904882114e-01,-6.653479300708046162e-01,2.134904176144239329e+00,1.501292123444345261e+00,-5.848987504994155318e-01,1.652596015016522202e+00,-1.018364952309446458e+00,-4.935315736548558929e-01,1.603179698963033695e-01,3.270880926693215951e-01,-1.283910363453662162e+00,3.103211355081924250e+00,-2.442628672003615276e-01,-1.647923332837792687e+00,-1.318177513187499317e+00,-5.575856326807497598e-02,1.416040832356324941e+00,-1.931803150830259996e+00,5.793704521643189276e-01,-1.135763896322099648e-01
9.308098118876416693e-01,-7.619753330251577417e-01,-2.169275238599520428e+00,1.374829604640341651e+00,-5.927066895748860365e-01,3.176879790802892289e-01,-1.393153385437441827e+00,1.501996646214349029e+00,1.299273186933611601e-01,-1.786970638639440390e+00,-9.184417985809142371e-01,-2.186642451733105563e+00,1.405924545135022186e+00,-2.887273962090688983e-01,-8.011849004477005209e-01,3.738599061378943822e-01,-2.483832006055488872e-01,8.616331488301027797e-01,1.605587686881256637e+00,2.742688895467913834e+00
4.634267175357253965e-02,1.555111386984548094e+00,1.647838169115571905e+00,2.202102709103149092e+00,6.071197449236385157e-01,-1.014378748130993824e+00,9.069350487155455331e-01,-1.882559208880617008e-01,-1.553793180349347103e-01,-1.673998712893837171e-01,-1.165587323471589665e-01,1.972932680221547441e-01,8.149706287101646240e-02,5.208255292022698768e-01,-1.308557799830778023e+00,1.815702766281880987e+00,1.205145771760012918e+00,1.233181282892197528e+00,3.643543924083870178e-01,-4.155905695878385764e-01
1.336737239442190806e+00,-2.894149209522975053e+00,-6.304878710540684494e-01,-1.863195510905612640e+00,1.738595145978424572e+00,-1.566010613812260477e+00,-1.520318513313876352e+00,-7.401115389211153639e-01,-1.589959138356446644e+00,-6.274261437793146046e-01,1.616385889850915358e-01,3.110150082328971610e+00,-1.040785413885611188e+00,-2.846068133053388571e+00,-5.187490009326693741e-02,-3.215604397542582982e-01,9.102784141361132120e-01,-1.988031457246218103e+00,-2.260398238597884912e+00,2.909821714914903601e-01
2.802602800159518792e-01,4.322622012456989182e-02,7.023667578619030571e-02,-1.012292358624193200e+00,-4.566792969269224955e-01,-1.586728579186176269e+00,2.901200970072681518e-01,-1.160528680085378017e+00,-1.852747451671771017e+00,1.707602658900131409e-03,-8.725565814891782512e-01,-1.175526814076930382e+00,-1.277480211823585510e+00,-1.067557758159830339e+00,6.062115827715710559e-01,-1.542690338624683744e-01,2.090571367405071435e+00,7.676958557565434216e-01,-2.402000935255009573e+00,-7.666494606012502766e-01
1.496630464573706742e+00,-1.973913709636140990e+00,-2.121323496914784279e-02,-1.805974183992253845e-01,-1.275777209256155453e+00,-9.724947456874386553e-01,1.215004647136884719e+00,1.315290469290787134e-01,-6.470616451386967949e-01,2.335594046972891302e+00,7.526384676429742626e-03,1.727803632757224150e+00,-1.285851088048988622e+00,8.179190695199308747e-01,-1.113656327964578363e+00,-1.245044007942437858e+00,-1.281694730044837804e+00,-5.191642592256261457e-01,6.028750693483500012e-01,-1.056257927073781966e+00
-6.841516347753389127e-01,1.048134595704907301e+00,7.414006952639309311e-01,1.089593925215442738e+00,-3.694478579125052287e-01,-2.199517956877686586e+00,1.747081900453308023e+00,3.781283276930974546e-01,-1.898380626201292332e+00,1.541463563099232825e+00,-5.834941991823955343e-01,-7.043877062869208228e-01,2.083494607261797249e+00,3.048561133759071673e+00,1.257284107026271469e+00,1.020980127047031560e+00,1.762041720513281839e-01,-5.002082886271075335e-01,9.580196095531408051e-01,-5.206769290295030217e-01
3.353010007827025296e-01,1.504628326534942495e-01,2.305486325665863312e+00,2.745220665872145638e-01,8.179626102640880081e-02,2.316188002751887964e+00,1.673548141982495796e+00,7.281788041018144586e-01,5.067150881593951439e-01,-3.806399735097880654e-01,2.963440264773835153e+00,3.719114702640811121e-01,-1.575385817250168352e-01,2.843285053789590400e+00,-1.223762957613208219e-01,5.988554899592545278e-01,-2.107771424206520555e-02,-3.579861360312601160e-01,2.333520580117029120e+00,1.890218146402162513e-01
-1.128555262533177173e+00,2.320234816081462093e+00,1.322567514803590250e+00,2.043173391741844647e+00,2.536596576294974370e-01,-2.062248895914819080e+00,-2.180288802578472573e+00,1.054835010348426749e+00,-2.239038637551877375e+00,-1.120878360104741400e+00,1.503672493288487289e+00,-5.298484428826246706e-01,6.656784047646858715e-01,6.818822563009918625e-03,3.074007421300566090e-02,-1.020981607435457739e-01,2.895614556356489872e-02,1.064161398519857915e+00,1.530632078302171850e+00,3.938400632664149081e-01
